Timestamp,Temperature (°C),Humidity (%),Wind Speed (m/s),Precipitation (mm/h),Reference ET₀ (mm),Dew Point (°C),Pressure (hPa),Cloud Cover (%),Snowfall (mm/h),Wind Direction (°),Solar Irradiance (GHI) (W/m2),VPD (kPa),Delta T (°C)
2026-06-28T00:00:00,25.70,42.00,2.70,0.00,0.09,11.80,1018.00,0.00,0.00,360.00,0.00,1.91,8.40
2026-06-28T01:00:00,25.20,46.00,2.41,0.00,0.07,12.80,1017.80,0.00,0.00,355.00,0.00,1.73,7.60
2026-06-28T02:00:00,24.90,47.00,2.50,0.00,0.07,12.80,1017.80,20.00,0.00,2.00,0.00,1.67,7.50
2026-06-28T03:00:00,25.00,49.00,3.95,0.00,0.11,13.60,1017.50,28.00,0.00,9.00,0.00,1.62,7.10
2026-06-28T04:00:00,24.80,51.00,3.96,0.00,0.10,14.00,1017.40,23.00,0.00,10.00,0.00,1.54,6.80
2026-06-28T05:00:00,24.20,55.00,3.30,0.00,0.07,14.60,1017.10,4.00,0.00,14.00,0.00,1.36,6.20
2026-06-28T06:00:00,23.90,54.00,3.54,0.00,0.08,14.10,1017.20,0.00,0.00,8.00,0.00,1.37,6.20
2026-06-28T07:00:00,24.10,50.00,4.59,0.00,0.13,13.00,1017.30,0.00,0.00,16.00,28.00,1.50,6.90
2026-06-28T08:00:00,24.80,48.00,5.77,0.00,0.22,13.00,1017.50,0.00,0.00,26.00,167.00,1.63,7.30
2026-06-28T09:00:00,25.90,45.00,7.03,0.00,0.35,13.10,1017.20,0.00,0.00,24.00,357.00,1.84,7.90
2026-06-28T10:00:00,27.10,41.00,6.89,0.00,0.48,12.70,1017.20,0.00,0.00,26.00,551.00,2.11,8.80
2026-06-28T11:00:00,28.50,35.00,7.12,0.00,0.61,11.50,1017.00,0.00,0.00,20.00,725.00,2.53,10.20
2026-06-28T12:00:00,29.10,32.00,7.78,0.00,0.71,10.70,1017.00,0.00,0.00,18.00,862.00,2.74,11.00
2026-06-28T13:00:00,29.70,31.00,8.08,0.00,0.78,10.80,1016.90,0.00,0.00,22.00,951.00,2.88,11.30
2026-06-28T14:00:00,30.20,30.00,8.32,0.00,0.81,10.70,1016.90,0.00,0.00,26.00,981.00,3.00,11.70
2026-06-28T15:00:00,30.30,26.00,8.28,0.00,0.82,8.60,1016.40,0.00,0.00,28.00,955.00,3.19,12.70
2026-06-28T16:00:00,30.30,23.00,7.93,0.00,0.78,6.90,1016.30,0.00,0.00,29.00,873.00,3.33,13.40
2026-06-28T17:00:00,29.80,23.00,7.44,0.00,0.69,6.50,1016.20,0.00,0.00,31.00,740.00,3.24,13.20
2026-06-28T18:00:00,29.20,24.00,7.03,0.00,0.57,6.60,1016.10,0.00,0.00,30.00,566.00,3.09,12.80
2026-06-28T19:00:00,28.30,24.00,6.05,0.00,0.43,5.80,1016.20,0.00,0.00,31.00,370.00,2.92,12.60
2026-06-28T20:00:00,26.90,25.00,4.98,0.00,0.28,5.20,1016.20,0.00,0.00,38.00,177.00,2.66,12.00
2026-06-28T21:00:00,25.20,30.00,3.83,0.00,0.16,6.40,1016.60,0.00,0.00,33.00,32.00,2.24,10.50
2026-06-28T22:00:00,24.00,34.00,2.60,0.00,0.09,7.20,1017.00,0.00,0.00,23.00,0.00,1.97,9.40
2026-06-28T23:00:00,22.90,40.00,1.70,0.00,0.05,8.60,1017.70,0.00,0.00,360.00,0.00,1.67,8.20
2026-06-29T00:00:00,22.30,42.00,2.02,0.00,0.06,8.80,1017.60,0.00,0.00,340.00,0.00,1.57,7.80
2026-06-29T01:00:00,22.20,40.00,2.15,0.00,0.06,8.00,1017.40,0.00,0.00,332.00,0.00,1.61,8.10
2026-06-29T02:00:00,22.20,44.00,2.06,0.00,0.06,9.30,1016.80,0.00,0.00,337.00,0.00,1.50,7.50
2026-06-29T03:00:00,22.40,48.00,2.73,0.00,0.07,10.90,1016.50,0.00,0.00,352.00,0.00,1.41,6.90
2026-06-29T04:00:00,22.20,52.00,2.45,0.00,0.06,11.90,1016.10,0.00,0.00,348.00,0.00,1.29,6.30
2026-06-29T05:00:00,22.00,53.00,2.52,0.00,0.06,12.00,1015.90,0.00,0.00,353.00,0.00,1.24,6.20
2026-06-29T06:00:00,22.20,50.00,2.73,0.00,0.07,11.30,1015.50,0.00,0.00,352.00,0.00,1.34,6.60
2026-06-29T07:00:00,22.70,48.00,2.82,0.00,0.08,11.20,1015.40,0.00,0.00,354.00,28.00,1.44,6.90
2026-06-29T08:00:00,24.70,39.00,3.72,0.00,0.20,9.80,1015.60,0.00,0.00,6.00,165.00,1.90,8.70
2026-06-29T09:00:00,26.30,37.00,5.77,0.00,0.36,10.50,1015.50,0.00,0.00,14.00,354.00,2.16,9.40
2026-06-29T10:00:00,27.30,36.00,6.36,0.00,0.49,10.90,1015.60,0.00,0.00,19.00,546.00,2.32,9.80
2026-06-29T11:00:00,28.40,35.00,6.41,0.00,0.60,11.50,1015.90,0.00,0.00,23.00,717.00,2.52,10.20
2026-06-29T12:00:00,29.50,32.00,6.26,0.00,0.70,11.10,1015.90,0.00,0.00,25.00,850.00,2.81,11.10
2026-06-29T13:00:00,30.60,30.00,6.40,0.00,0.78,11.10,1015.50,0.00,0.00,25.00,936.00,3.08,11.80
2026-06-29T14:00:00,31.40,28.00,6.66,0.00,0.82,10.70,1015.30,0.00,0.00,26.00,969.00,3.31,12.40
2026-06-29T15:00:00,31.70,28.00,6.54,0.00,0.81,11.00,1014.90,0.00,0.00,23.00,943.00,3.37,12.50
2026-06-29T16:00:00,31.90,28.00,6.49,0.00,0.76,11.20,1014.70,0.00,0.00,25.00,859.00,3.41,12.60
2026-06-29T17:00:00,31.70,29.00,6.26,0.00,0.67,11.50,1014.00,0.00,0.00,25.00,725.00,3.31,12.30
2026-06-29T18:00:00,31.00,30.00,5.89,0.00,0.55,11.40,1014.00,0.00,0.00,21.00,555.00,3.15,11.90
2026-06-29T19:00:00,30.20,31.00,5.41,0.00,0.41,11.20,1014.20,0.00,0.00,19.00,363.00,2.97,11.40
2026-06-29T20:00:00,29.00,34.00,4.46,0.00,0.26,11.50,1014.20,0.00,0.00,20.00,174.00,2.64,10.60
2026-06-29T21:00:00,27.30,39.00,3.26,0.00,0.13,12.20,1014.60,0.00,0.00,18.00,32.00,2.22,9.20
2026-06-29T22:00:00,26.00,44.00,2.16,0.00,0.07,12.80,1015.10,0.00,0.00,13.00,0.00,1.88,8.10
2026-06-29T23:00:00,24.70,48.00,1.53,0.00,0.04,13.00,1015.30,0.00,0.00,349.00,0.00,1.62,7.20
2026-06-30T00:00:00,24.00,48.00,1.56,0.00,0.04,12.30,1015.30,0.00,0.00,315.00,0.00,1.55,7.20
2026-06-30T01:00:00,23.30,50.00,1.61,0.00,0.04,12.30,1015.20,0.00,0.00,300.00,0.00,1.43,6.70
2026-06-30T02:00:00,22.70,53.00,1.52,0.00,0.03,12.70,1015.20,0.00,0.00,293.00,0.00,1.30,6.20
2026-06-30T03:00:00,23.10,56.00,1.86,0.00,0.04,13.80,1014.40,0.00,0.00,306.00,0.00,1.24,5.90
2026-06-30T04:00:00,23.30,56.00,1.63,0.00,0.03,14.00,1014.20,0.00,0.00,313.00,0.00,1.26,5.90
2026-06-30T05:00:00,23.40,55.00,1.41,0.00,0.03,13.90,1013.70,0.00,0.00,315.00,0.00,1.30,6.00
2026-06-30T06:00:00,23.70,53.00,1.75,0.00,0.04,13.60,1013.70,2.00,0.00,336.00,0.00,1.38,6.30
2026-06-30T07:00:00,24.50,51.00,1.96,0.00,0.06,13.70,1013.70,10.00,0.00,345.00,26.00,1.50,6.80
2026-06-30T08:00:00,26.70,44.00,2.11,0.00,0.15,13.50,1013.70,18.00,0.00,355.00,159.00,1.96,8.20
2026-06-30T09:00:00,28.90,39.00,5.23,0.00,0.36,13.50,1013.40,1.00,0.00,7.00,347.00,2.43,9.60
2026-06-30T10:00:00,30.00,38.00,6.36,0.00,0.51,14.10,1013.40,1.00,0.00,13.00,541.00,2.63,10.00
2026-06-30T11:00:00,30.80,36.00,6.91,0.00,0.64,14.00,1013.30,8.00,0.00,22.00,712.00,2.85,10.50
2026-06-30T12:00:00,31.60,35.00,7.20,0.00,0.73,14.30,1013.40,23.00,0.00,25.00,844.00,3.03,10.90
2026-06-30T13:00:00,32.30,33.00,7.24,0.00,0.80,14.00,1013.20,26.00,0.00,26.00,921.00,3.24,11.50
2026-06-30T14:00:00,32.80,32.00,6.71,0.00,0.78,13.90,1013.00,44.00,0.00,28.00,880.00,3.38,11.90
2026-06-30T15:00:00,33.00,31.00,7.05,0.00,0.80,13.60,1012.10,7.00,0.00,35.00,895.00,3.47,12.10
2026-06-30T16:00:00,33.00,30.00,6.91,0.00,0.78,13.20,1011.80,4.00,0.00,34.00,862.00,3.53,12.30
2026-06-30T17:00:00,32.70,30.00,6.72,0.00,0.69,12.80,1011.20,2.00,0.00,37.00,726.00,3.46,12.30
2026-06-30T18:00:00,32.20,31.00,5.30,0.00,0.54,13.00,1011.20,0.00,0.00,36.00,552.00,3.32,11.90
2026-06-30T19:00:00,31.40,32.00,4.33,0.00,0.39,12.80,1010.90,4.00,0.00,34.00,362.00,3.13,11.50
2026-06-30T20:00:00,30.40,34.00,3.58,0.00,0.24,12.80,1011.40,22.00,0.00,30.00,172.00,2.86,10.90
2026-06-30T21:00:00,28.30,37.00,1.34,0.00,0.06,12.20,1011.10,18.00,0.00,27.00,31.00,2.43,9.80
2026-06-30T22:00:00,26.70,45.00,0.86,0.00,0.02,13.80,1011.80,12.00,0.00,306.00,0.00,1.92,8.10
2026-06-30T23:00:00,24.40,55.00,1.49,0.00,0.03,14.80,1012.20,15.00,0.00,290.00,0.00,1.37,6.20
2026-07-01T00:00:00,23.50,56.00,1.62,0.00,0.03,14.20,1012.50,9.00,0.00,292.00,0.00,1.28,5.90
2026-07-01T01:00:00,23.00,59.00,1.61,0.00,0.03,14.50,1012.50,4.00,0.00,300.00,0.00,1.15,5.50
2026-07-01T02:00:00,22.40,58.00,1.61,0.00,0.03,13.70,1012.50,0.00,0.00,300.00,0.00,1.14,5.50
2026-07-01T03:00:00,21.50,54.00,1.53,0.00,0.03,11.80,1012.40,0.00,0.00,302.00,0.00,1.18,5.90
2026-07-01T04:00:00,20.90,49.00,1.66,0.00,0.04,9.80,1011.80,0.00,0.00,303.00,0.00,1.26,6.50
2026-07-01T05:00:00,20.40,47.00,1.66,0.00,0.04,8.70,1011.60,0.00,0.00,295.00,0.00,1.27,6.80
2026-07-01T06:00:00,19.60,46.00,1.79,0.00,0.04,7.60,1011.80,0.00,0.00,297.00,0.00,1.23,6.80
2026-07-01T07:00:00,20.00,43.00,1.66,0.00,0.05,7.10,1012.10,0.00,0.00,295.00,26.00,1.34,7.20
2026-07-01T08:00:00,22.80,48.00,1.30,0.00,0.11,11.20,1012.00,0.00,0.00,293.00,161.00,1.44,7.00
2026-07-01T09:00:00,27.20,33.00,0.81,0.00,0.23,9.60,1011.30,0.00,0.00,30.00,348.00,2.42,10.30
2026-07-01T10:00:00,29.20,32.00,2.62,0.00,0.43,10.80,1011.10,0.00,0.00,47.00,542.00,2.75,11.00
2026-07-01T11:00:00,30.50,33.00,3.80,0.00,0.59,12.40,1011.10,0.00,0.00,35.00,713.00,2.92,11.10
2026-07-01T12:00:00,31.40,31.00,3.82,0.00,0.69,12.30,1010.60,0.00,0.00,43.00,849.00,3.18,11.70
2026-07-01T13:00:00,32.30,27.00,4.32,0.00,0.77,10.90,1010.80,3.00,0.00,42.00,932.00,3.53,12.90
2026-07-01T14:00:00,33.20,25.00,4.47,0.00,0.81,10.60,1010.30,2.00,0.00,40.00,959.00,3.82,13.70
2026-07-01T15:00:00,33.60,24.00,4.27,0.00,0.80,10.20,1009.60,0.00,0.00,33.00,931.00,3.95,14.10
2026-07-01T16:00:00,33.80,24.00,2.36,0.00,0.68,10.40,1009.50,34.00,0.00,36.00,827.00,3.99,14.20
2026-07-01T17:00:00,33.00,26.00,3.47,0.00,0.56,10.90,1009.10,67.00,0.00,168.00,615.00,3.72,13.40
2026-07-01T18:00:00,32.00,26.00,3.64,0.00,0.36,10.10,1008.60,70.00,0.00,212.00,266.00,3.51,13.10
2026-07-01T19:00:00,31.00,40.00,2.90,0.00,0.26,15.80,1008.90,44.00,0.00,224.00,229.00,2.69,9.80
2026-07-01T20:00:00,30.10,44.00,2.42,0.00,0.18,16.50,1009.20,0.00,0.00,240.00,152.00,2.39,8.80
2026-07-01T21:00:00,28.30,51.00,0.98,0.00,0.04,17.20,1009.20,13.00,0.00,204.00,30.00,1.89,7.30
2026-07-01T22:00:00,26.30,61.00,0.78,0.00,0.01,18.20,1009.60,0.00,0.00,220.00,0.00,1.33,5.50
2026-07-01T23:00:00,24.90,54.00,1.14,0.00,0.02,15.00,1009.80,1.00,0.00,255.00,0.00,1.45,6.40
2026-07-02T00:00:00,24.50,46.00,1.32,0.00,0.03,12.20,1010.00,0.00,0.00,279.00,0.00,1.66,7.50
2026-07-02T01:00:00,23.90,51.00,1.49,0.00,0.03,13.20,1010.20,0.00,0.00,290.00,0.00,1.46,6.70
2026-07-02T02:00:00,23.40,53.00,1.49,0.00,0.03,13.30,1010.40,0.00,0.00,290.00,0.00,1.36,6.30
2026-07-02T03:00:00,22.70,57.00,1.43,0.00,0.02,13.70,1010.00,0.00,0.00,295.00,0.00,1.18,5.70
2026-07-02T04:00:00,22.10,62.00,1.39,0.00,0.02,14.50,1010.00,1.00,0.00,300.00,0.00,1.01,5.00
2026-07-02T05:00:00,21.60,65.00,1.43,0.00,0.01,14.80,1010.00,1.00,0.00,295.00,0.00,0.90,4.50
2026-07-02T06:00:00,21.00,68.00,1.53,0.00,0.01,14.80,1010.30,0.00,0.00,302.00,0.00,0.79,4.10
2026-07-02T07:00:00,21.20,66.00,1.48,0.00,0.03,14.60,1010.60,0.00,0.00,298.00,24.00,0.86,4.30
2026-07-02T08:00:00,23.50,65.00,1.00,0.00,0.10,16.60,1011.00,0.00,0.00,307.00,155.00,1.02,4.60
2026-07-02T09:00:00,26.90,52.00,0.98,0.00,0.23,16.20,1010.60,0.00,0.00,66.00,340.00,1.70,6.90
2026-07-02T10:00:00,28.60,46.00,1.70,0.00,0.39,15.80,1010.50,0.00,0.00,62.00,531.00,2.11,8.20
2026-07-02T11:00:00,30.30,44.00,2.47,0.00,0.54,16.70,1010.50,0.00,0.00,58.00,700.00,2.41,8.90
2026-07-02T12:00:00,31.30,45.00,3.75,0.00,0.65,17.90,1010.30,0.00,0.00,48.00,823.00,2.51,8.80
2026-07-02T13:00:00,32.20,39.00,3.61,0.00,0.70,16.50,1010.40,44.00,0.00,42.00,859.00,2.94,10.10
2026-07-02T14:00:00,33.10,35.00,4.24,0.00,0.72,15.60,1009.70,50.00,0.00,34.00,838.00,3.29,11.20
2026-07-02T15:00:00,33.70,30.00,4.25,0.00,0.72,13.80,1009.10,63.00,0.00,27.00,807.00,3.67,12.50
2026-07-02T16:00:00,28.60,67.00,3.24,0.50,0.39,21.90,1010.40,90.00,0.00,326.00,501.00,1.29,4.80
2026-07-02T17:00:00,27.60,67.00,2.31,0.40,0.22,20.90,1010.50,94.00,0.00,265.00,243.00,1.22,4.70
2026-07-02T18:00:00,29.80,53.00,1.41,0.10,0.18,19.20,1009.30,61.00,0.00,225.00,176.00,1.97,7.10
2026-07-02T19:00:00,30.20,49.00,1.50,0.00,0.24,18.30,1009.60,24.00,0.00,180.00,297.00,2.19,7.90
2026-07-02T20:00:00,29.60,46.00,1.87,0.00,0.16,16.70,1009.70,14.00,0.00,164.00,157.00,2.24,8.40
2026-07-02T21:00:00,28.30,44.00,1.10,0.00,0.05,14.90,1010.00,4.00,0.00,185.00,29.00,2.16,8.50
2026-07-02T22:00:00,26.20,58.00,0.91,0.00,0.01,17.30,1010.40,0.00,0.00,264.00,0.00,1.43,5.90
2026-07-02T23:00:00,24.90,72.00,1.04,0.00,0.00,19.50,1010.90,0.00,0.00,287.00,0.00,0.88,3.70
2026-07-03T00:00:00,24.40,72.00,1.36,0.00,0.01,19.00,1011.50,0.00,0.00,287.00,0.00,0.85,3.80
2026-07-03T01:00:00,23.90,72.00,1.49,0.00,0.01,18.60,1011.40,0.00,0.00,290.00,0.00,0.83,3.70
2026-07-03T02:00:00,23.60,72.00,1.58,0.00,0.01,18.20,1011.60,0.00,0.00,288.00,0.00,0.81,3.70
2026-07-03T03:00:00,23.10,68.00,1.52,0.00,0.01,16.90,1011.10,0.00,0.00,293.00,0.00,0.91,4.20
2026-07-03T04:00:00,22.60,68.00,1.48,0.00,0.01,16.40,1010.90,0.00,0.00,298.00,0.00,0.88,4.10
2026-07-03T05:00:00,22.00,67.00,1.48,0.00,0.01,15.60,1010.90,0.00,0.00,298.00,0.00,0.87,4.20
2026-07-03T06:00:00,21.70,62.00,1.48,0.00,0.02,14.10,1011.20,0.00,0.00,298.00,0.00,0.99,4.90
2026-07-03T07:00:00,21.90,59.00,1.48,0.00,0.03,13.60,1011.60,0.00,0.00,298.00,24.00,1.08,5.30
2026-07-03T08:00:00,24.20,60.00,0.94,0.00,0.10,16.00,1011.80,0.00,0.00,302.00,153.00,1.21,5.40
2026-07-03T09:00:00,27.70,43.00,0.92,0.00,0.24,14.00,1011.40,3.00,0.00,49.00,336.00,2.12,8.60
2026-07-03T10:00:00,29.50,41.00,1.63,0.00,0.40,14.90,1011.20,4.00,0.00,47.00,525.00,2.44,9.20
2026-07-03T11:00:00,31.30,41.00,3.33,0.00,0.57,16.50,1011.00,0.00,0.00,41.00,698.00,2.69,9.60
2026-07-03T12:00:00,32.40,37.00,4.22,0.00,0.69,15.80,1011.30,4.00,0.00,54.00,836.00,3.06,10.60
2026-07-03T13:00:00,33.40,32.00,4.06,0.00,0.76,14.50,1011.30,44.00,0.00,52.00,898.00,3.50,12.00
2026-07-03T14:00:00,34.30,30.00,3.33,0.00,0.73,14.20,1011.00,36.00,0.00,41.00,857.00,3.78,12.70
2026-07-03T15:00:00,34.90,30.00,2.38,0.00,0.68,14.70,1010.60,15.00,0.00,75.00,798.00,3.91,12.80
2026-07-03T16:00:00,34.00,32.00,3.52,0.00,0.65,15.00,1010.00,85.00,0.00,145.00,731.00,3.62,12.10
2026-07-03T17:00:00,31.80,40.00,5.48,0.00,0.50,16.60,1010.70,75.00,0.00,165.00,483.00,2.82,9.90
2026-07-03T18:00:00,31.20,36.00,5.07,0.00,0.42,14.30,1010.40,100.00,0.00,165.00,363.00,2.90,10.60
2026-07-03T19:00:00,30.40,35.00,3.81,0.00,0.29,13.20,1010.60,91.00,0.00,185.00,206.00,2.82,10.70
2026-07-03T20:00:00,29.50,38.00,2.86,0.00,0.19,13.70,1010.90,60.00,0.00,192.00,121.00,2.56,9.80
2026-07-03T21:00:00,28.40,40.00,2.26,0.00,0.10,13.50,1011.30,76.00,0.00,193.00,20.00,2.32,9.20
2026-07-03T22:00:00,27.60,45.00,1.24,0.00,0.03,14.60,1011.80,68.00,0.00,194.00,0.00,2.03,8.20
2026-07-03T23:00:00,26.50,53.00,0.45,0.00,0.00,16.20,1012.10,49.00,0.00,207.00,0.00,1.63,6.70
2026-07-04T00:00:00,25.40,61.00,0.67,0.00,0.00,17.40,1012.60,28.00,0.00,297.00,0.00,1.27,5.40
2026-07-04T01:00:00,24.50,68.00,1.20,0.00,0.01,18.20,1012.80,20.00,0.00,312.00,0.00,0.99,4.30
2026-07-04T02:00:00,24.00,71.00,1.28,0.00,0.01,18.40,1013.10,34.00,0.00,309.00,0.00,0.86,3.90
2026-07-04T03:00:00,23.40,72.00,1.35,0.00,0.01,18.00,1012.50,51.00,0.00,312.00,0.00,0.80,3.70
2026-07-04T04:00:00,23.30,70.00,1.42,0.00,0.01,17.50,1012.40,59.00,0.00,309.00,0.00,0.86,3.90
2026-07-04T05:00:00,23.40,71.00,1.28,0.00,0.01,17.90,1012.10,65.00,0.00,309.00,0.00,0.84,3.80
2026-07-04T06:00:00,23.50,69.00,1.30,0.00,0.01,17.50,1012.60,72.00,0.00,337.00,0.00,0.90,4.10
2026-07-04T07:00:00,23.80,70.00,1.25,0.00,0.03,18.00,1012.80,59.00,0.00,331.00,19.00,0.88,4.00
2026-07-04T08:00:00,25.40,68.00,0.82,0.00,0.08,19.10,1013.10,58.00,0.00,346.00,116.00,1.04,4.30
2026-07-04T09:00:00,27.40,56.00,2.37,0.00,0.21,17.80,1013.00,68.00,0.00,28.00,243.00,1.60,6.40
2026-07-04T10:00:00,28.10,50.00,4.02,0.00,0.33,16.70,1013.10,64.00,0.00,35.00,360.00,1.90,7.40
2026-07-04T11:00:00,29.10,46.00,4.58,0.00,0.46,16.30,1013.20,52.00,0.00,36.00,535.00,2.18,8.30
2026-07-04T12:00:00,30.40,43.00,4.81,0.00,0.60,16.40,1013.30,58.00,0.00,45.00,728.00,2.47,9.10
2026-07-04T13:00:00,31.20,40.00,5.24,0.00,0.68,16.00,1012.90,50.00,0.00,48.00,824.00,2.73,9.80
2026-07-04T14:00:00,31.90,38.00,5.94,0.00,0.72,15.80,1012.90,82.00,0.00,54.00,850.00,2.93,10.30
2026-07-04T15:00:00,31.60,38.00,4.82,0.00,0.65,15.50,1012.20,100.00,0.00,42.00,750.00,2.88,10.30
2026-07-04T16:00:00,30.80,40.00,4.92,0.00,0.48,15.60,1011.80,100.00,0.00,29.00,490.00,2.66,9.70
2026-07-04T17:00:00,30.40,40.00,4.84,0.00,0.39,15.30,1011.50,100.00,0.00,38.00,337.00,2.60,9.60
2026-07-04T18:00:00,30.00,40.00,4.04,0.00,0.33,15.00,1011.60,100.00,0.00,42.00,288.00,2.55,9.50
2026-07-04T19:00:00,29.90,38.00,3.00,0.00,0.26,14.00,1011.80,100.00,0.00,53.00,227.00,2.61,9.90
2026-07-04T20:00:00,29.10,37.00,2.52,0.00,0.17,12.90,1012.00,100.00,0.00,56.00,109.00,2.53,10.00
2026-07-04T21:00:00,28.00,40.00,2.39,0.00,0.11,13.10,1012.20,95.00,0.00,33.00,17.00,2.26,9.20
2026-07-04T22:00:00,27.00,42.00,1.80,0.00,0.06,13.00,1012.40,64.00,0.00,360.00,0.00,2.07,8.60
2026-07-04T23:00:00,25.80,46.00,1.70,0.00,0.05,13.30,1013.00,59.00,0.00,332.00,0.00,1.79,7.80
2026-07-05T00:00:00,25.70,48.00,1.71,0.00,0.04,13.90,1013.00,91.00,0.00,339.00,0.00,1.72,7.40
2026-07-05T01:00:00,25.40,50.00,1.66,0.00,0.04,14.30,1013.20,66.00,0.00,335.00,0.00,1.62,7.00
2026-07-05T02:00:00,24.90,53.00,1.43,0.00,0.03,14.70,1012.80,70.00,0.00,348.00,0.00,1.48,6.50
2026-07-05T03:00:00,24.70,53.00,1.55,0.00,0.03,14.50,1012.60,69.00,0.00,345.00,0.00,1.46,6.50
2026-07-05T04:00:00,24.30,54.00,1.61,0.00,0.03,14.40,1012.30,77.00,0.00,353.00,0.00,1.40,6.30
2026-07-05T05:00:00,24.10,55.00,1.50,0.00,0.03,14.50,1012.40,81.00,0.00,356.00,0.00,1.35,6.10
2026-07-05T06:00:00,23.70,59.00,1.94,0.00,0.04,15.20,1012.60,70.00,0.00,12.00,0.00,1.20,5.50
2026-07-05T07:00:00,23.70,60.00,2.69,0.00,0.07,15.50,1013.30,48.00,0.00,22.00,20.00,1.17,5.30
2026-07-05T08:00:00,24.40,66.00,3.90,0.00,0.13,17.60,1013.90,67.00,0.00,23.00,115.00,1.04,4.60
2026-07-05T09:00:00,24.80,59.00,5.13,0.00,0.23,16.20,1014.00,83.00,0.00,21.00,225.00,1.28,5.60
2026-07-05T10:00:00,25.40,53.00,5.80,0.00,0.31,15.10,1014.10,69.00,0.00,15.00,334.00,1.52,6.60
2026-07-05T11:00:00,26.90,44.00,6.36,0.00,0.49,13.60,1014.20,25.00,0.00,19.00,592.00,1.99,8.20
2026-07-05T12:00:00,27.90,43.00,6.53,0.00,0.63,14.20,1014.60,8.00,0.00,25.00,817.00,2.14,8.60
2026-07-05T13:00:00,28.70,40.00,6.76,0.00,0.70,13.80,1014.60,6.00,0.00,29.00,903.00,2.37,9.30
2026-07-05T14:00:00,29.40,38.00,6.44,0.00,0.74,13.60,1014.30,5.00,0.00,33.00,949.00,2.54,9.80
2026-07-05T15:00:00,29.40,38.00,6.38,0.00,0.73,13.60,1013.50,2.00,0.00,35.00,925.00,2.54,9.80
2026-07-05T16:00:00,29.10,39.00,6.11,0.00,0.63,13.80,1013.00,37.00,0.00,32.00,775.00,2.46,9.60
2026-07-05T17:00:00,28.80,40.00,5.80,0.00,0.55,13.90,1012.60,32.00,0.00,32.00,649.00,2.38,9.30
2026-07-05T18:00:00,28.40,40.00,5.76,0.00,0.47,13.50,1012.50,40.00,0.00,39.00,519.00,2.32,9.30
2026-07-05T19:00:00,27.70,42.00,5.34,0.00,0.35,13.60,1012.60,26.00,0.00,38.00,338.00,2.15,8.80
2026-07-05T20:00:00,26.60,43.00,4.85,0.00,0.23,13.00,1013.10,16.00,0.00,32.00,158.00,1.98,8.40
2026-07-05T21:00:00,25.00,47.00,2.88,0.00,0.10,12.90,1013.60,13.00,0.00,20.00,28.00,1.68,7.40
2026-07-05T22:00:00,23.90,52.00,1.71,0.00,0.04,13.40,1014.20,44.00,0.00,339.00,0.00,1.42,6.60
2026-07-05T23:00:00,22.90,57.00,1.49,0.00,0.02,13.90,1014.80,56.00,0.00,318.00,0.00,1.20,5.70
2026-07-06T00:00:00,22.10,61.00,1.64,0.00,0.02,14.20,1015.20,39.00,0.00,308.00,0.00,1.04,5.10
2026-07-06T01:00:00,21.60,63.00,1.70,0.00,0.02,14.20,1015.20,29.00,0.00,298.00,0.00,0.95,4.80
2026-07-06T02:00:00,20.90,68.00,1.43,0.00,0.01,14.80,1015.40,9.00,0.00,295.00,0.00,0.79,4.10
2026-07-06T03:00:00,20.10,70.00,1.79,0.00,0.02,14.40,1015.10,0.00,0.00,297.00,0.00,0.71,3.70
2026-07-06T04:00:00,19.90,55.00,1.70,0.00,0.03,10.60,1014.90,0.00,0.00,298.00,0.00,1.04,5.60
2026-07-06T05:00:00,19.60,49.00,1.62,0.00,0.03,8.60,1014.80,9.00,0.00,292.00,0.00,1.16,6.40
2026-07-06T06:00:00,19.20,52.00,1.88,0.00,0.04,9.10,1014.90,19.00,0.00,295.00,0.00,1.07,5.90
2026-07-06T07:00:00,19.40,55.00,1.79,0.00,0.04,10.10,1015.00,5.00,0.00,297.00,23.00,1.01,5.60
2026-07-06T08:00:00,21.90,57.00,1.25,0.00,0.10,13.00,1015.30,4.00,0.00,299.00,155.00,1.13,5.60
2026-07-06T09:00:00,25.40,40.00,1.39,0.00,0.24,10.80,1015.30,1.00,0.00,30.00,343.00,1.94,8.70
2026-07-06T10:00:00,26.70,39.00,3.67,0.00,0.42,11.60,1015.50,0.00,0.00,29.00,536.00,2.14,9.10
2026-07-06T11:00:00,27.80,36.00,4.21,0.00,0.55,11.30,1015.70,1.00,0.00,28.00,707.00,2.39,9.90
2026-07-06T12:00:00,28.80,33.00,4.33,0.00,0.66,10.90,1015.70,0.00,0.00,34.00,843.00,2.65,10.70
2026-07-06T13:00:00,29.60,31.00,5.16,0.00,0.73,10.70,1015.60,10.00,0.00,36.00,925.00,2.86,11.30
2026-07-06T14:00:00,30.30,29.00,5.08,0.00,0.77,10.30,1015.40,10.00,0.00,32.00,956.00,3.07,11.90
2026-07-06T15:00:00,30.50,29.00,4.55,0.00,0.75,10.50,1014.90,13.00,0.00,33.00,928.00,3.10,12.00
2026-07-06T16:00:00,30.70,29.00,4.57,0.00,0.69,10.70,1014.50,45.00,0.00,29.00,832.00,3.14,12.00
2026-07-06T17:00:00,30.70,28.00,4.70,0.00,0.60,10.10,1013.90,8.00,0.00,27.00,685.00,3.18,12.20
2026-07-06T18:00:00,30.10,29.00,5.61,0.00,0.53,10.10,1013.90,0.00,0.00,31.00,548.00,3.03,11.90
2026-07-06T19:00:00,29.10,34.00,4.72,0.00,0.37,11.60,1013.80,3.00,0.00,36.00,361.00,2.66,10.60
2026-07-06T20:00:00,28.10,38.00,3.48,0.00,0.21,12.50,1014.40,25.00,0.00,39.00,169.00,2.36,9.50
2026-07-06T21:00:00,26.10,44.00,1.50,0.00,0.06,12.90,1014.70,43.00,0.00,143.00,30.00,1.90,8.10
2026-07-06T22:00:00,24.20,54.00,2.00,0.00,0.04,14.30,1015.70,42.00,0.00,183.00,0.00,1.39,6.30
2026-07-06T23:00:00,23.60,53.00,1.60,0.00,0.03,13.40,1016.20,66.00,0.00,180.00,0.00,1.37,6.40
2026-07-07T00:00:00,22.60,58.00,1.30,0.00,0.02,13.90,1016.30,56.00,0.00,238.00,0.00,1.15,5.50
2026-07-07T01:00:00,21.90,63.00,1.22,0.00,0.01,14.50,1016.30,27.00,0.00,261.00,0.00,0.97,4.80
2026-07-07T02:00:00,21.20,67.00,1.22,0.00,0.01,14.90,1016.40,13.00,0.00,279.00,0.00,0.83,4.20
2026-07-07T03:00:00,20.70,68.00,1.49,0.00,0.01,14.60,1016.10,22.00,0.00,290.00,0.00,0.78,4.00
2026-07-07T04:00:00,20.50,67.00,1.49,0.00,0.01,14.10,1015.90,1.00,0.00,290.00,0.00,0.80,4.20
2026-07-07T05:00:00,20.20,68.00,1.39,0.00,0.01,14.10,1015.90,0.00,0.00,291.00,0.00,0.76,4.00
2026-07-07T06:00:00,19.70,69.00,1.52,0.00,0.01,13.90,1016.20,1.00,0.00,293.00,0.00,0.71,3.80
2026-07-07T07:00:00,19.90,66.00,1.49,0.00,0.03,13.40,1016.40,0.00,0.00,290.00,22.00,0.79,4.20
2026-07-07T08:00:00,22.30,64.00,0.85,0.00,0.09,15.20,1016.80,0.00,0.00,291.00,151.00,0.97,4.70
2026-07-07T09:00:00,26.00,47.00,1.00,0.00,0.23,13.80,1016.80,0.00,0.00,37.00,336.00,1.78,7.60
2026-07-07T10:00:00,28.00,41.00,2.06,0.00,0.40,13.50,1017.00,0.00,0.00,29.00,529.00,2.23,9.00
2026-07-07T11:00:00,29.50,34.00,4.02,0.00,0.57,12.00,1016.60,0.00,0.00,27.00,706.00,2.73,10.60
2026-07-07T12:00:00,30.50,30.00,4.44,0.00,0.68,11.00,1016.50,16.00,0.00,31.00,825.00,3.06,11.70
2026-07-07T13:00:00,31.30,29.00,4.75,0.00,0.75,11.10,1016.20,21.00,0.00,30.00,904.00,3.24,12.20
2026-07-07T14:00:00,31.90,27.00,4.53,0.00,0.77,10.60,1016.10,19.00,0.00,31.00,931.00,3.45,12.80
2026-07-07T15:00:00,32.30,26.00,4.88,0.00,0.77,10.30,1015.20,37.00,0.00,35.00,909.00,3.57,13.20
2026-07-07T16:00:00,32.30,26.00,5.19,0.00,0.73,10.40,1014.70,21.00,0.00,34.00,821.00,3.58,13.20
2026-07-07T17:00:00,32.10,26.00,5.06,0.00,0.64,10.20,1013.70,21.00,0.00,38.00,687.00,3.54,13.10
2026-07-07T18:00:00,31.50,28.00,4.96,0.00,0.52,10.80,1013.70,1.00,0.00,42.00,530.00,3.32,12.50
2026-07-07T19:00:00,30.60,30.00,4.36,0.00,0.38,11.10,1013.70,3.00,0.00,37.00,352.00,3.08,11.80
2026-07-07T20:00:00,29.70,33.00,2.46,0.00,0.19,11.70,1014.20,20.00,0.00,27.00,167.00,2.79,10.90
2026-07-07T21:00:00,26.80,39.00,2.20,0.00,0.09,11.70,1014.20,29.00,0.00,177.00,29.00,2.15,9.10
2026-07-07T22:00:00,25.20,45.00,1.70,0.00,0.05,12.40,1015.10,58.00,0.00,177.00,0.00,1.76,7.80
2026-07-07T23:00:00,24.40,45.00,1.52,0.00,0.04,11.70,1015.10,45.00,0.00,203.00,0.00,1.68,7.70
2026-07-08T00:00:00,23.20,55.00,1.20,0.00,0.02,13.60,1015.40,26.00,0.00,228.00,0.00,1.28,6.00
2026-07-08T01:00:00,22.60,60.00,1.04,0.00,0.01,14.40,1014.80,0.00,0.00,253.00,0.00,1.10,5.30
2026-07-08T02:00:00,22.20,58.00,1.20,0.00,0.02,13.50,1014.60,0.00,0.00,270.00,0.00,1.12,5.50
2026-07-08T03:00:00,21.40,60.00,1.30,0.00,0.02,13.30,1014.00,0.00,0.00,293.00,0.00,1.02,5.20
2026-07-08T04:00:00,20.90,61.00,1.39,0.00,0.02,13.10,1013.70,0.00,0.00,291.00,0.00,0.96,5.00
2026-07-08T05:00:00,20.60,63.00,1.49,0.00,0.02,13.30,1013.30,0.00,0.00,290.00,0.00,0.90,4.70
2026-07-08T06:00:00,19.90,63.00,1.49,0.00,0.02,12.70,1013.80,0.00,0.00,290.00,0.00,0.86,4.60
2026-07-08T07:00:00,20.10,64.00,1.43,0.00,0.03,13.10,1013.80,0.00,0.00,295.00,21.00,0.85,4.50
2026-07-08T08:00:00,22.50,65.00,0.86,0.00,0.09,15.60,1013.80,0.00,0.00,306.00,147.00,0.95,4.60
2026-07-08T09:00:00,26.30,47.00,0.67,0.00,0.22,14.10,1013.10,0.00,0.00,63.00,330.00,1.82,7.60
2026-07-08T10:00:00,28.10,40.00,1.48,0.00,0.38,13.30,1012.70,0.00,0.00,62.00,523.00,2.28,9.20
2026-07-08T11:00:00,29.90,36.00,2.06,0.00,0.53,13.20,1012.40,0.00,0.00,61.00,694.00,2.70,10.30
2026-07-08T12:00:00,31.00,39.00,4.28,0.00,0.66,15.50,1012.00,52.00,0.00,53.00,812.00,2.74,9.90
2026-07-08T13:00:00,31.70,35.00,3.69,0.00,0.65,14.40,1011.60,66.00,0.00,33.00,781.00,3.04,10.90
2026-07-08T14:00:00,31.90,34.00,3.70,0.00,0.56,14.10,1011.10,76.00,0.00,38.00,616.00,3.12,11.20
2026-07-08T15:00:00,30.80,40.00,4.33,0.00,0.53,15.60,1011.00,100.00,0.00,310.00,581.00,2.66,9.70
2026-07-08T16:00:00,29.90,49.00,1.68,0.10,0.38,18.00,1010.80,95.00,0.00,287.00,461.00,2.15,7.90
2026-07-08T17:00:00,29.40,48.00,1.90,0.10,0.29,17.20,1010.30,100.00,0.00,180.00,321.00,2.13,8.00
2026-07-08T18:00:00,30.30,40.00,2.51,0.00,0.26,15.20,1009.70,95.00,0.00,203.00,224.00,2.59,9.60
2026-07-08T19:00:00,29.90,36.00,1.20,0.00,0.23,13.20,1009.40,45.00,0.00,185.00,273.00,2.70,10.30
2026-07-08T20:00:00,29.20,36.00,1.20,0.00,0.13,12.60,1009.20,40.00,0.00,185.00,143.00,2.59,10.20
2026-07-08T21:00:00,27.50,38.00,0.92,0.00,0.04,11.90,1009.30,37.00,0.00,167.00,27.00,2.28,9.40
2026-07-08T22:00:00,25.30,49.00,1.22,0.00,0.03,13.80,1009.60,1.00,0.00,235.00,0.00,1.65,7.20
2026-07-08T23:00:00,24.00,55.00,1.46,0.00,0.03,14.40,1009.80,13.00,0.00,254.00,0.00,1.34,6.10
2026-07-09T00:00:00,23.30,45.00,1.70,0.00,0.04,10.70,1010.10,0.00,0.00,273.00,0.00,1.57,7.50
2026-07-09T01:00:00,22.80,47.00,1.68,0.00,0.04,10.90,1009.80,0.00,0.00,287.00,0.00,1.47,7.20
2026-07-09T02:00:00,22.20,44.00,1.68,0.00,0.04,9.30,1009.40,0.00,0.00,287.00,0.00,1.50,7.50
2026-07-09T03:00:00,21.60,45.00,1.66,0.00,0.04,9.20,1009.10,0.00,0.00,295.00,0.00,1.42,7.20
2026-07-09T04:00:00,20.90,47.00,1.57,0.00,0.04,9.20,1008.70,2.00,0.00,297.00,0.00,1.31,6.80
2026-07-09T05:00:00,20.30,51.00,1.52,0.00,0.03,9.80,1008.70,8.00,0.00,293.00,0.00,1.17,6.20
2026-07-09T06:00:00,19.90,52.00,1.48,0.00,0.03,9.70,1008.80,12.00,0.00,298.00,0.00,1.11,6.00
2026-07-09T07:00:00,20.00,54.00,1.42,0.00,0.03,10.40,1009.00,17.00,0.00,309.00,20.00,1.08,5.70
2026-07-09T08:00:00,22.20,57.00,0.98,0.00,0.09,13.30,1009.10,13.00,0.00,336.00,142.00,1.15,5.60
2026-07-09T09:00:00,25.60,49.00,1.70,0.00,0.23,14.10,1008.70,20.00,0.00,50.00,322.00,1.68,7.20
2026-07-09T10:00:00,27.50,43.00,2.55,0.00,0.39,13.80,1008.80,10.00,0.00,42.00,507.00,2.09,8.60
2026-07-09T11:00:00,28.80,44.00,5.19,0.00,0.55,15.40,1008.90,11.00,0.00,34.00,687.00,2.22,8.60
2026-07-09T12:00:00,29.40,45.00,5.02,0.00,0.63,16.30,1009.20,15.00,0.00,44.00,816.00,2.26,8.50
2026-07-09T13:00:00,30.40,45.00,4.84,0.00,0.69,17.10,1009.00,51.00,0.00,38.00,891.00,2.38,8.70
2026-07-09T14:00:00,30.80,46.00,5.02,0.00,0.70,17.90,1008.50,55.00,0.00,46.00,898.00,2.40,8.50
2026-07-09T15:00:00,28.80,56.00,3.81,0.30,0.54,19.20,1008.60,100.00,0.00,85.00,717.00,1.74,6.50
2026-07-09T16:00:00,27.30,63.00,1.90,0.20,0.34,19.70,1009.00,100.00,0.00,177.00,440.00,1.34,5.20
2026-07-09T17:00:00,27.00,61.00,3.01,0.10,0.27,18.90,1009.10,100.00,0.00,186.00,317.00,1.39,5.50
2026-07-09T18:00:00,24.00,78.00,2.24,1.00,0.16,19.90,1009.70,100.00,0.00,190.00,210.00,0.66,2.90
2026-07-09T19:00:00,23.10,85.00,0.94,0.80,0.08,20.50,1010.00,100.00,0.00,238.00,101.00,0.42,1.90
2026-07-09T20:00:00,23.10,83.00,1.08,0.40,0.05,20.10,1010.40,83.00,0.00,248.00,55.00,0.48,2.20
2026-07-09T21:00:00,23.10,81.00,1.48,0.10,0.03,19.70,1010.00,68.00,0.00,208.00,14.00,0.54,2.40
2026-07-09T22:00:00,22.80,82.00,1.84,0.00,0.00,19.60,1010.60,44.00,0.00,209.00,0.00,0.50,2.30
2026-07-09T23:00:00,22.30,85.00,1.62,0.00,0.00,19.70,1010.70,26.00,0.00,202.00,0.00,0.40,1.90
2026-07-10T00:00:00,21.80,90.00,1.12,0.00,0.00,20.10,1011.10,35.00,0.00,207.00,0.00,0.26,1.20
2026-07-10T01:00:00,21.30,92.00,0.78,0.00,0.00,19.90,1011.20,28.00,0.00,230.00,0.00,0.20,1.00
2026-07-10T02:00:00,20.80,94.00,0.81,0.00,0.00,19.80,1011.50,12.00,0.00,240.00,0.00,0.15,0.80
2026-07-10T03:00:00,20.50,94.00,0.81,0.00,0.00,19.50,1011.20,18.00,0.00,277.00,0.00,0.14,0.80
2026-07-10T04:00:00,20.10,95.00,1.00,0.00,0.00,19.30,1011.30,14.00,0.00,323.00,0.00,0.12,0.60
2026-07-10T05:00:00,19.80,94.00,1.14,0.00,0.00,18.80,1011.40,14.00,0.00,322.00,0.00,0.14,0.70
2026-07-10T06:00:00,19.50,93.00,1.36,0.00,0.00,18.30,1012.00,11.00,0.00,306.00,0.00,0.16,0.90
2026-07-10T07:00:00,19.60,92.00,1.50,0.00,0.01,18.20,1012.50,30.00,0.00,307.00,19.00,0.18,1.00
2026-07-10T08:00:00,21.40,91.00,1.00,0.00,0.07,19.80,1013.10,48.00,0.00,307.00,130.00,0.23,1.10
2026-07-10T09:00:00,24.10,80.00,0.91,0.00,0.18,20.40,1013.10,48.00,0.00,354.00,276.00,0.60,2.70
2026-07-10T10:00:00,25.40,73.00,1.84,0.00,0.29,20.20,1013.70,71.00,0.00,22.00,423.00,0.87,3.70
2026-07-10T11:00:00,26.30,61.00,2.78,0.00,0.37,18.20,1013.70,65.00,0.00,38.00,505.00,1.33,5.50
2026-07-10T12:00:00,27.40,58.00,2.55,0.00,0.50,18.40,1013.60,75.00,0.00,48.00,682.00,1.53,6.00
2026-07-10T13:00:00,28.10,58.00,2.21,0.00,0.49,19.10,1013.50,72.00,0.00,72.00,662.00,1.60,6.10
2026-07-10T14:00:00,27.90,64.00,3.14,0.20,0.44,20.50,1013.90,84.00,0.00,143.00,585.00,1.35,5.10
2026-07-10T15:00:00,26.70,73.00,2.93,0.20,0.35,21.50,1014.10,82.00,0.00,172.00,468.00,0.95,3.70
2026-07-10T16:00:00,27.40,68.00,2.90,0.00,0.40,21.00,1014.10,70.00,0.00,180.00,538.00,1.17,4.50
2026-07-10T17:00:00,27.60,60.00,4.00,0.00,0.39,19.10,1014.00,75.00,0.00,181.00,492.00,1.47,5.80
2026-07-10T18:00:00,27.40,46.00,4.10,0.00,0.30,14.70,1014.30,92.00,0.00,177.00,285.00,1.97,8.00
2026-07-10T19:00:00,26.60,44.00,3.61,0.00,0.20,13.40,1014.70,87.00,0.00,183.00,117.00,1.95,8.20
2026-07-10T20:00:00,26.10,45.00,2.50,0.00,0.13,13.30,1015.30,76.00,0.00,180.00,67.00,1.86,7.90
2026-07-10T21:00:00,25.40,48.00,1.71,0.00,0.07,13.60,1015.30,59.00,0.00,187.00,18.00,1.68,7.40
2026-07-10T22:00:00,24.40,52.00,1.55,0.00,0.03,13.90,1016.20,62.00,0.00,195.00,0.00,1.47,6.60
2026-07-10T23:00:00,23.40,58.00,1.43,0.00,0.02,14.70,1016.50,64.00,0.00,205.00,0.00,1.21,5.60
2026-07-11T00:00:00,22.60,61.00,1.35,0.00,0.02,14.70,1016.90,33.00,0.00,228.00,0.00,1.07,5.10
2026-07-11T01:00:00,21.60,67.00,1.21,0.00,0.01,15.20,1016.90,19.00,0.00,246.00,0.00,0.85,4.20
2026-07-11T02:00:00,21.00,72.00,1.17,0.00,0.00,15.70,1017.20,4.00,0.00,250.00,0.00,0.70,3.60
2026-07-11T03:00:00,20.20,77.00,1.20,0.00,0.00,16.00,1016.90,2.00,0.00,270.00,0.00,0.54,2.90
2026-07-11T04:00:00,19.90,81.00,1.17,0.00,0.00,16.50,1017.00,10.00,0.00,290.00,0.00,0.44,2.40
2026-07-11T05:00:00,19.60,86.00,1.03,0.00,0.00,17.20,1017.00,28.00,0.00,299.00,0.00,0.32,1.70
2026-07-11T06:00:00,19.50,89.00,1.34,0.00,0.00,17.60,1017.50,21.00,0.00,297.00,0.00,0.25,1.40
2026-07-11T07:00:00,19.80,89.00,1.34,0.00,0.01,17.90,1017.70,33.00,0.00,297.00,17.00,0.25,1.40
2026-07-11T08:00:00,21.90,85.00,0.89,0.00,0.07,19.20,1017.70,40.00,0.00,297.00,129.00,0.39,1.90
2026-07-11T09:00:00,25.60,63.00,0.80,0.00,0.20,18.10,1017.80,16.00,0.00,360.00,306.00,1.22,5.10
2026-07-11T10:00:00,27.30,52.00,1.39,0.00,0.36,16.60,1017.70,3.00,0.00,30.00,504.00,1.74,7.00
2026-07-11T11:00:00,28.80,47.00,2.00,0.00,0.51,16.40,1017.80,6.00,0.00,37.00,686.00,2.10,8.10
2026-07-11T12:00:00,29.80,44.00,3.05,0.00,0.63,16.30,1017.40,7.00,0.00,49.00,827.00,2.35,8.70
2026-07-11T13:00:00,31.00,36.00,3.50,0.00,0.71,14.20,1017.30,19.00,0.00,53.00,909.00,2.88,10.50
2026-07-11T14:00:00,32.00,27.00,3.62,0.00,0.76,10.70,1017.10,36.00,0.00,51.00,935.00,3.47,12.90
2026-07-11T15:00:00,32.30,27.00,3.69,0.00,0.74,10.90,1016.10,45.00,0.00,41.00,887.00,3.53,12.90
2026-07-11T16:00:00,32.50,29.00,3.19,0.00,0.66,12.20,1016.00,42.00,0.00,41.00,788.00,3.47,12.50
2026-07-11T17:00:00,32.30,30.00,1.62,0.00,0.50,12.50,1015.60,66.00,0.00,68.00,631.00,3.38,12.20
2026-07-11T18:00:00,31.40,34.00,1.98,0.00,0.37,13.60,1015.80,55.00,0.00,131.00,424.00,3.03,11.10
2026-07-11T19:00:00,29.60,41.00,3.18,0.00,0.28,15.00,1016.20,61.00,0.00,156.00,261.00,2.45,9.30
2026-07-11T20:00:00,28.30,36.00,2.72,0.00,0.18,11.80,1016.50,30.00,0.00,186.00,134.00,2.46,10.00
2026-07-11T21:00:00,26.70,40.00,1.90,0.00,0.08,12.00,1016.60,1.00,0.00,183.00,26.00,2.10,9.00
2026-07-11T22:00:00,25.10,43.00,1.61,0.00,0.05,11.70,1017.50,0.00,0.00,187.00,0.00,1.82,8.10
2026-07-11T23:00:00,23.60,51.00,1.35,0.00,0.03,12.90,1017.80,1.00,0.00,222.00,0.00,1.43,6.60
2026-07-12T00:00:00,22.50,66.00,1.04,0.00,0.01,15.80,1017.80,1.00,0.00,253.00,0.00,0.93,4.40
2026-07-12T01:00:00,22.00,66.00,1.10,0.00,0.01,15.40,1017.10,23.00,0.00,275.00,0.00,0.90,4.40
2026-07-12T02:00:00,21.80,66.00,1.14,0.00,0.01,15.10,1016.80,24.00,0.00,285.00,0.00,0.89,4.40
2026-07-12T03:00:00,21.40,69.00,1.26,0.00,0.01,15.50,1016.50,11.00,0.00,288.00,0.00,0.79,4.00
2026-07-12T04:00:00,21.00,72.00,1.39,0.00,0.01,15.70,1016.30,0.00,0.00,291.00,0.00,0.70,3.60
2026-07-12T05:00:00,20.60,74.00,1.21,0.00,0.00,15.80,1016.20,0.00,0.00,294.00,0.00,0.63,3.30
2026-07-12T06:00:00,20.20,78.00,1.30,0.00,0.00,16.30,1016.20,0.00,0.00,302.00,0.00,0.52,2.70
2026-07-12T07:00:00,20.30,78.00,1.30,0.00,0.01,16.40,1015.90,0.00,0.00,302.00,19.00,0.53,2.70
2026-07-12T08:00:00,22.40,77.00,0.92,0.00,0.08,18.20,1016.00,0.00,0.00,311.00,139.00,0.62,2.90
2026-07-12T09:00:00,26.00,60.00,0.78,0.00,0.21,17.60,1015.70,0.00,0.00,40.00,322.00,1.34,5.60
2026-07-12T10:00:00,27.80,55.00,1.27,0.00,0.37,17.90,1015.80,0.00,0.00,45.00,516.00,1.68,6.60
2026-07-12T11:00:00,29.80,49.00,2.26,0.00,0.52,17.90,1015.40,0.00,0.00,45.00,692.00,2.14,7.90
2026-07-12T12:00:00,31.50,40.00,3.56,0.00,0.66,16.30,1015.10,0.00,0.00,38.00,832.00,2.77,9.80
2026-07-12T13:00:00,32.70,32.00,4.18,0.00,0.76,13.90,1014.80,0.00,0.00,42.00,923.00,3.37,11.80
2026-07-12T14:00:00,33.60,25.00,5.17,0.00,0.83,10.90,1014.30,0.00,0.00,41.00,960.00,3.91,13.80
2026-07-12T15:00:00,34.00,25.00,5.12,0.00,0.82,11.20,1013.70,0.00,0.00,39.00,932.00,3.98,13.90
2026-07-12T16:00:00,34.20,25.00,4.66,0.00,0.76,11.40,1012.90,0.00,0.00,35.00,848.00,4.03,14.00
2026-07-12T17:00:00,34.00,27.00,4.25,0.00,0.65,12.40,1012.70,10.00,0.00,30.00,713.00,3.89,13.40
2026-07-12T18:00:00,33.50,28.00,3.89,0.00,0.52,12.50,1012.50,2.00,0.00,29.00,542.00,3.73,13.00
2026-07-12T19:00:00,32.90,30.00,3.00,0.00,0.35,13.10,1012.30,10.00,0.00,30.00,353.00,3.51,12.30
2026-07-12T20:00:00,31.30,33.00,1.27,0.00,0.15,13.10,1012.20,21.00,0.00,135.00,160.00,3.07,11.20
2026-07-12T21:00:00,28.10,41.00,1.87,0.00,0.08,13.60,1013.00,0.00,0.00,164.00,27.00,2.24,9.00
2026-07-12T22:00:00,26.20,48.00,1.12,0.00,0.02,14.40,1013.70,0.00,0.00,190.00,0.00,1.77,7.50
2026-07-12T23:00:00,24.80,56.00,1.17,0.00,0.02,15.50,1013.90,0.00,0.00,239.00,0.00,1.38,6.00
2026-07-13T00:00:00,23.90,62.00,1.17,0.00,0.01,16.20,1014.00,10.00,0.00,250.00,0.00,1.13,5.10
2026-07-13T01:00:00,23.50,62.00,1.00,0.00,0.01,15.80,1013.50,3.00,0.00,276.00,0.00,1.10,5.10
2026-07-13T02:00:00,23.10,64.00,1.17,0.00,0.01,15.90,1013.20,7.00,0.00,301.00,0.00,1.02,4.80
2026-07-13T03:00:00,22.30,67.00,1.28,0.00,0.01,15.90,1013.00,8.00,0.00,309.00,0.00,0.89,4.30
2026-07-13T04:00:00,22.10,69.00,1.42,0.00,0.01,16.10,1013.00,6.00,0.00,309.00,0.00,0.82,4.00
2026-07-13T05:00:00,21.70,69.00,1.42,0.00,0.01,15.80,1012.80,12.00,0.00,309.00,0.00,0.81,3.90
2026-07-13T06:00:00,21.60,67.00,1.35,0.00,0.01,15.20,1013.10,6.00,0.00,318.00,0.00,0.85,4.20
2026-07-13T07:00:00,21.70,67.00,1.35,0.00,0.02,15.30,1013.10,3.00,0.00,318.00,17.00,0.86,4.20
2026-07-13T08:00:00,23.60,69.00,0.94,0.00,0.09,17.60,1013.20,2.00,0.00,328.00,136.00,0.90,4.10
2026-07-13T09:00:00,26.60,56.00,1.42,0.00,0.23,17.10,1013.30,5.00,0.00,39.00,315.00,1.53,6.20
2026-07-13T10:00:00,28.70,46.00,2.20,0.00,0.39,15.90,1013.20,3.00,0.00,39.00,507.00,2.12,8.20
2026-07-13T11:00:00,30.20,38.00,4.05,0.00,0.56,14.30,1013.40,3.00,0.00,40.00,684.00,2.66,10.00
2026-07-13T12:00:00,31.30,36.00,4.39,0.00,0.67,14.40,1013.00,2.00,0.00,43.00,822.00,2.92,10.60
2026-07-13T13:00:00,32.30,35.00,4.53,0.00,0.75,14.90,1012.70,0.00,0.00,43.00,907.00,3.14,11.10
2026-07-13T14:00:00,33.30,34.00,4.53,0.00,0.78,15.30,1011.90,16.00,0.00,41.00,933.00,3.37,11.50
2026-07-13T15:00:00,33.80,33.00,3.28,0.00,0.73,15.30,1011.30,25.00,0.00,31.00,872.00,3.52,11.90
2026-07-13T16:00:00,33.20,34.00,2.87,0.00,0.57,15.20,1011.10,71.00,0.00,29.00,657.00,3.35,11.50
2026-07-13T17:00:00,32.60,36.00,2.31,0.00,0.40,15.60,1011.10,68.00,0.00,95.00,429.00,3.14,10.90
2026-07-13T18:00:00,31.60,38.00,2.19,0.00,0.35,15.60,1010.90,69.00,0.00,133.00,382.00,2.89,10.20
2026-07-13T19:00:00,30.10,40.00,2.55,0.00,0.23,15.00,1011.40,71.00,0.00,154.00,185.00,2.56,9.60
2026-07-13T20:00:00,29.00,40.00,1.87,0.00,0.14,14.00,1011.90,70.00,0.00,164.00,99.00,2.40,9.40
2026-07-13T21:00:00,27.70,46.00,1.36,0.00,0.06,15.00,1012.10,76.00,0.00,163.00,17.00,2.00,8.10
2026-07-13T22:00:00,26.60,55.00,1.14,0.00,0.02,16.80,1013.10,64.00,0.00,165.00,0.00,1.56,6.40
2026-07-13T23:00:00,25.60,56.00,0.71,0.00,0.01,16.20,1013.70,53.00,0.00,172.00,0.00,1.45,6.10
2026-07-14T00:00:00,25.10,57.00,0.64,0.00,0.00,16.00,1014.50,67.00,0.00,309.00,0.00,1.37,6.00
2026-07-14T01:00:00,24.20,69.00,1.22,0.00,0.01,18.20,1014.20,73.00,0.00,279.00,0.00,0.94,4.10
2026-07-14T02:00:00,24.10,71.00,1.12,0.00,0.01,18.50,1014.50,78.00,0.00,280.00,0.00,0.87,3.80
2026-07-14T03:00:00,24.20,69.00,1.55,0.00,0.02,18.10,1014.00,84.00,0.00,285.00,0.00,0.93,4.20
2026-07-14T04:00:00,24.20,63.00,1.27,0.00,0.01,16.70,1014.20,79.00,0.00,315.00,0.00,1.12,5.00
2026-07-14T05:00:00,24.00,60.00,1.42,0.00,0.02,15.70,1014.10,59.00,0.00,321.00,0.00,1.19,5.40
2026-07-14T06:00:00,23.30,57.00,1.71,0.00,0.03,14.30,1014.40,40.00,0.00,339.00,0.00,1.23,5.70
2026-07-14T07:00:00,22.90,61.00,1.70,0.00,0.04,15.00,1015.00,8.00,0.00,332.00,17.00,1.09,5.10
2026-07-14T08:00:00,24.40,65.00,1.33,0.00,0.10,17.40,1015.20,1.00,0.00,347.00,141.00,1.07,4.70
2026-07-14T09:00:00,26.80,45.00,2.56,0.00,0.26,13.90,1015.80,0.00,0.00,39.00,326.00,1.94,8.10
2026-07-14T10:00:00,27.90,41.00,2.91,0.00,0.41,13.50,1015.90,0.00,0.00,41.00,520.00,2.22,9.00
2026-07-14T11:00:00,29.20,39.00,3.62,0.00,0.55,13.80,1016.00,6.00,0.00,39.00,698.00,2.47,9.60
2026-07-14T12:00:00,30.20,36.00,3.97,0.00,0.66,13.50,1015.70,35.00,0.00,41.00,828.00,2.75,10.40
2026-07-14T13:00:00,30.90,34.00,4.33,0.00,0.72,13.20,1015.70,22.00,0.00,40.00,903.00,2.95,10.90
2026-07-14T14:00:00,31.60,32.00,4.49,0.00,0.77,12.90,1015.50,11.00,0.00,32.00,945.00,3.16,11.60
2026-07-14T15:00:00,31.70,31.00,5.10,0.00,0.76,12.50,1015.10,8.00,0.00,35.00,921.00,3.22,11.80
2026-07-14T16:00:00,32.00,31.00,5.08,0.00,0.72,12.70,1014.40,5.00,0.00,36.00,841.00,3.28,11.90
2026-07-14T17:00:00,31.80,32.00,5.00,0.00,0.63,13.10,1014.30,30.00,0.00,37.00,705.00,3.20,11.60
2026-07-14T18:00:00,31.20,34.00,4.62,0.00,0.50,13.50,1014.40,14.00,0.00,39.00,528.00,3.00,11.00
2026-07-14T19:00:00,30.60,36.00,3.41,0.00,0.34,13.80,1014.60,15.00,0.00,50.00,343.00,2.81,10.50
2026-07-14T20:00:00,28.20,47.00,2.08,0.00,0.16,15.80,1015.50,14.00,0.00,145.00,160.00,2.02,8.00
2026-07-14T21:00:00,25.80,59.00,2.06,0.00,0.06,17.20,1016.40,11.00,0.00,166.00,27.00,1.36,5.70
2026-07-14T22:00:00,24.60,68.00,1.90,0.00,0.02,18.30,1017.00,17.00,0.00,183.00,0.00,0.99,4.30
2026-07-14T23:00:00,23.70,72.00,1.53,0.00,0.01,18.40,1017.40,29.00,0.00,191.00,0.00,0.82,3.70
2026-07-15T00:00:00,22.90,75.00,1.22,0.00,0.00,18.20,1017.60,14.00,0.00,235.00,0.00,0.70,3.30
2026-07-15T01:00:00,22.30,75.00,1.30,0.00,0.00,17.70,1017.50,1.00,0.00,266.00,0.00,0.67,3.20
2026-07-15T02:00:00,22.00,74.00,1.32,0.00,0.00,17.10,1017.10,0.00,0.00,279.00,0.00,0.69,3.40
2026-07-15T03:00:00,21.40,72.00,1.49,0.00,0.01,16.10,1017.30,0.00,0.00,290.00,0.00,0.71,3.60
2026-07-15T04:00:00,20.90,74.00,1.52,0.00,0.01,16.10,1017.30,0.00,0.00,293.00,0.00,0.64,3.20
2026-07-15T05:00:00,20.50,77.00,1.34,0.00,0.00,16.40,1017.30,0.00,0.00,297.00,0.00,0.56,2.80
2026-07-15T06:00:00,20.10,75.00,1.66,0.00,0.01,15.50,1017.00,0.00,0.00,295.00,0.00,0.59,3.10
2026-07-15T07:00:00,20.20,71.00,1.62,0.00,0.02,14.80,1016.90,0.00,0.00,292.00,16.00,0.69,3.60
2026-07-15T08:00:00,22.30,69.00,1.08,0.00,0.08,16.30,1017.20,0.00,0.00,292.00,136.00,0.83,4.00
2026-07-15T09:00:00,26.40,47.00,0.60,0.00,0.21,14.20,1017.30,0.00,0.00,360.00,319.00,1.83,7.70
2026-07-15T10:00:00,28.20,43.00,1.35,0.00,0.37,14.50,1017.10,0.00,0.00,42.00,513.00,2.18,8.60
2026-07-15T11:00:00,30.20,37.00,3.05,0.00,0.55,13.90,1016.60,0.00,0.00,32.00,690.00,2.70,10.20
2026-07-15T12:00:00,31.50,35.00,4.58,0.00,0.68,14.20,1016.30,0.00,0.00,32.00,829.00,3.00,10.90
2026-07-15T13:00:00,32.30,32.00,5.16,0.00,0.77,13.50,1016.20,0.00,0.00,36.00,919.00,3.29,11.70
2026-07-15T14:00:00,33.00,30.00,5.56,0.00,0.82,13.10,1015.70,0.00,0.00,38.00,954.00,3.52,12.40
2026-07-15T15:00:00,33.40,30.00,5.62,0.00,0.81,13.50,1015.40,0.00,0.00,39.00,929.00,3.60,12.50
2026-07-15T16:00:00,33.50,31.00,5.64,0.00,0.75,14.10,1014.70,0.00,0.00,37.00,846.00,3.57,12.20
2026-07-15T17:00:00,33.40,31.00,5.84,0.00,0.67,14.00,1014.70,0.00,0.00,38.00,711.00,3.54,12.20
2026-07-15T18:00:00,32.90,30.00,5.47,0.00,0.55,13.10,1014.30,0.00,0.00,40.00,540.00,3.51,12.30
2026-07-15T19:00:00,32.30,30.00,4.24,0.00,0.39,12.50,1014.40,0.00,0.00,45.00,350.00,3.38,12.20
2026-07-15T20:00:00,30.80,35.00,1.20,0.00,0.14,13.60,1014.80,0.00,0.00,95.00,161.00,2.89,10.70
2026-07-15T21:00:00,27.70,45.00,1.60,0.00,0.06,14.70,1015.60,0.00,0.00,176.00,26.00,2.04,8.20
2026-07-15T22:00:00,25.80,51.00,1.43,0.00,0.03,14.90,1016.30,0.00,0.00,192.00,0.00,1.63,7.00
2026-07-15T23:00:00,24.60,54.00,1.20,0.00,0.02,14.70,1016.50,0.00,0.00,222.00,0.00,1.43,6.30
2026-07-16T00:00:00,23.80,61.00,1.00,0.00,0.01,15.80,1016.70,0.00,0.00,276.00,0.00,1.15,5.30
2026-07-16T01:00:00,23.30,63.00,1.30,0.00,0.01,15.90,1016.90,0.00,0.00,302.00,0.00,1.06,4.90
2026-07-16T02:00:00,23.00,66.00,1.44,0.00,0.02,16.30,1016.90,0.00,0.00,304.00,0.00,0.96,4.40
2026-07-16T03:00:00,22.90,66.00,1.64,0.00,0.02,16.20,1016.50,0.00,0.00,308.00,0.00,0.95,4.50
2026-07-16T04:00:00,22.60,66.00,1.64,0.00,0.02,15.90,1016.20,0.00,0.00,308.00,0.00,0.93,4.50
2026-07-16T05:00:00,22.20,70.00,1.44,0.00,0.01,16.50,1015.80,0.00,0.00,304.00,0.00,0.80,3.80
2026-07-16T06:00:00,21.90,73.00,1.61,0.00,0.01,16.90,1016.10,0.00,0.00,300.00,0.00,0.71,3.40
2026-07-16T07:00:00,21.90,72.00,1.57,0.00,0.02,16.70,1016.00,0.00,0.00,297.00,16.00,0.74,3.60
2026-07-16T08:00:00,24.00,70.00,1.08,0.00,0.09,18.20,1016.20,0.00,0.00,304.00,132.00,0.89,4.00
2026-07-16T09:00:00,28.10,48.00,1.34,0.00,0.23,16.10,1016.10,0.00,0.00,27.00,312.00,1.98,7.80
2026-07-16T10:00:00,29.90,43.00,2.14,0.00,0.40,16.00,1016.10,0.00,0.00,37.00,503.00,2.41,8.90
2026-07-16T11:00:00,31.50,36.00,3.85,0.00,0.57,14.70,1016.00,0.00,0.00,28.00,679.00,2.96,10.60
2026-07-16T12:00:00,32.70,34.00,4.79,0.00,0.70,14.80,1015.50,0.00,0.00,29.00,818.00,3.27,11.30
2026-07-16T13:00:00,33.50,32.00,5.44,0.00,0.79,14.50,1015.60,0.00,0.00,32.00,907.00,3.51,12.00
2026-07-16T14:00:00,34.10,30.00,5.86,0.00,0.83,14.10,1015.00,0.00,0.00,37.00,939.00,3.74,12.70
2026-07-16T15:00:00,34.30,30.00,6.25,0.00,0.82,14.30,1014.30,0.00,0.00,40.00,913.00,3.79,12.70
2026-07-16T16:00:00,34.40,30.00,6.26,0.00,0.78,14.40,1013.70,0.00,0.00,39.00,834.00,3.81,12.70
2026-07-16T17:00:00,34.30,30.00,6.42,0.00,0.69,14.20,1013.50,43.00,0.00,37.00,703.00,3.78,12.70
2026-07-16T18:00:00,33.60,33.00,5.72,0.00,0.50,15.10,1013.40,39.00,0.00,36.00,433.00,3.49,11.80
2026-07-16T19:00:00,32.80,36.00,4.68,0.00,0.38,15.80,1013.10,40.00,0.00,42.00,324.00,3.18,10.90
2026-07-16T20:00:00,31.80,38.00,3.86,0.00,0.24,15.70,1013.40,34.00,0.00,37.00,148.00,2.91,10.30
2026-07-16T21:00:00,30.00,41.00,1.36,0.00,0.06,15.30,1013.60,40.00,0.00,36.00,24.00,2.51,9.30
2026-07-16T22:00:00,28.40,49.00,1.20,0.00,0.03,16.60,1014.20,29.00,0.00,312.00,0.00,1.97,7.70
2026-07-16T23:00:00,26.60,55.00,1.52,0.00,0.03,16.80,1014.30,34.00,0.00,293.00,0.00,1.56,6.40
2026-07-17T00:00:00,25.70,56.00,1.78,0.00,0.04,16.20,1014.80,0.00,0.00,308.00,0.00,1.45,6.20
2026-07-17T01:00:00,25.20,58.00,1.84,0.00,0.04,16.40,1014.80,5.00,0.00,311.00,0.00,1.35,5.80
2026-07-17T02:00:00,24.80,61.00,1.56,0.00,0.02,16.80,1014.80,2.00,0.00,310.00,0.00,1.22,5.40
2026-07-17T03:00:00,24.30,63.00,1.77,0.00,0.03,16.80,1014.10,0.00,0.00,317.00,0.00,1.13,5.00
2026-07-17T04:00:00,23.90,64.00,1.70,0.00,0.02,16.70,1014.00,0.00,0.00,315.00,0.00,1.07,4.80
2026-07-17T05:00:00,23.50,66.00,1.42,0.00,0.02,16.80,1013.60,0.00,0.00,309.00,0.00,0.99,4.50
2026-07-17T06:00:00,23.50,67.00,1.44,0.00,0.01,17.00,1013.50,0.00,0.00,326.00,0.00,0.95,4.40
2026-07-17T07:00:00,23.60,67.00,1.42,0.00,0.02,17.10,1013.40,0.00,0.00,321.00,15.00,0.96,4.40
2026-07-17T08:00:00,25.40,65.00,1.12,0.00,0.09,18.40,1013.50,0.00,0.00,350.00,132.00,1.14,4.80
2026-07-17T09:00:00,28.90,45.00,2.42,0.00,0.27,15.80,1013.50,0.00,0.00,30.00,312.00,2.19,8.40
2026-07-17T10:00:00,30.00,43.00,4.56,0.00,0.44,16.00,1013.60,0.00,0.00,26.00,503.00,2.41,9.00
2026-07-17T11:00:00,31.00,40.00,5.46,0.00,0.59,15.90,1013.40,0.00,0.00,24.00,677.00,2.70,9.70
2026-07-17T12:00:00,31.80,40.00,5.74,0.00,0.69,16.60,1013.10,2.00,0.00,23.00,813.00,2.82,9.90
2026-07-17T13:00:00,32.30,41.00,6.40,0.00,0.75,17.40,1013.10,30.00,0.00,25.00,897.00,2.86,9.80
2026-07-17T14:00:00,32.70,41.00,6.71,0.00,0.74,17.80,1012.90,6.00,0.00,28.00,856.00,2.92,9.80
2026-07-17T15:00:00,32.60,40.00,7.07,0.00,0.76,17.20,1012.70,5.00,0.00,29.00,897.00,2.95,10.10
2026-07-17T16:00:00,32.70,38.00,7.26,0.00,0.71,16.60,1012.30,24.00,0.00,30.00,783.00,3.07,10.50
2026-07-17T17:00:00,32.50,37.00,7.13,0.00,0.65,15.90,1012.20,35.00,0.00,31.00,690.00,3.08,10.70
2026-07-17T18:00:00,32.00,37.00,6.88,0.00,0.54,15.50,1011.50,13.00,0.00,36.00,513.00,3.00,10.50
2026-07-17T19:00:00,31.30,38.00,6.36,0.00,0.41,15.30,1011.90,7.00,0.00,37.00,340.00,2.83,10.20
2026-07-17T20:00:00,30.20,39.00,4.88,0.00,0.26,14.70,1011.90,1.00,0.00,35.00,157.00,2.62,9.80
2026-07-17T21:00:00,28.80,43.00,2.79,0.00,0.11,15.00,1012.30,0.00,0.00,21.00,24.00,2.26,8.70
2026-07-17T22:00:00,27.40,48.00,1.62,0.00,0.04,15.40,1012.60,0.00,0.00,338.00,0.00,1.90,7.70
2026-07-17T23:00:00,25.80,57.00,1.42,0.00,0.03,16.70,1013.10,0.00,0.00,309.00,0.00,1.43,6.00
2026-07-18T00:00:00,24.60,67.00,1.64,0.00,0.02,18.00,1013.50,0.00,0.00,308.00,0.00,1.02,4.50
2026-07-18T01:00:00,24.00,70.00,1.53,0.00,0.01,18.20,1013.50,3.00,0.00,302.00,0.00,0.89,4.00
2026-07-18T02:00:00,23.60,68.00,1.43,0.00,0.01,17.40,1013.40,0.00,0.00,295.00,0.00,0.93,4.20
2026-07-18T03:00:00,23.40,68.00,1.61,0.00,0.02,17.10,1013.10,0.00,0.00,300.00,0.00,0.92,4.20
2026-07-18T04:00:00,23.10,67.00,1.61,0.00,0.02,16.60,1013.00,0.00,0.00,300.00,0.00,0.93,4.40
2026-07-18T05:00:00,22.80,66.00,1.48,0.00,0.02,16.10,1012.80,0.00,0.00,298.00,0.00,0.95,4.40
2026-07-18T06:00:00,22.60,66.00,1.61,0.00,0.02,16.00,1013.00,0.00,0.00,300.00,0.00,0.93,4.40
2026-07-18T07:00:00,22.70,65.00,1.61,0.00,0.03,15.80,1012.70,0.00,0.00,300.00,15.00,0.96,4.60
2026-07-18T08:00:00,24.70,66.00,1.22,0.00,0.09,18.00,1012.70,0.00,0.00,305.00,129.00,1.06,4.60
2026-07-18T09:00:00,28.20,48.00,0.63,0.00,0.21,16.20,1012.80,0.00,0.00,18.00,310.00,1.99,7.80
2026-07-18T10:00:00,30.20,45.00,1.56,0.00,0.38,16.90,1012.50,0.00,0.00,50.00,501.00,2.36,8.70
2026-07-18T11:00:00,32.00,39.00,3.00,0.00,0.56,16.30,1012.50,0.00,0.00,37.00,677.00,2.90,10.10
2026-07-18T12:00:00,33.30,35.00,4.49,0.00,0.70,15.80,1012.10,0.00,0.00,32.00,819.00,3.32,11.30
2026-07-18T13:00:00,34.20,32.00,5.28,0.00,0.80,15.10,1012.40,0.00,0.00,37.00,911.00,3.65,12.20
2026-07-18T14:00:00,34.70,30.00,5.92,0.00,0.85,14.60,1012.10,0.00,0.00,37.00,948.00,3.88,12.80
2026-07-18T15:00:00,35.40,28.00,6.06,0.00,0.85,14.10,1011.60,0.00,0.00,38.00,920.00,4.13,13.50
2026-07-18T16:00:00,35.40,29.00,6.03,0.00,0.79,14.70,1010.80,1.00,0.00,40.00,840.00,4.09,13.20
2026-07-18T17:00:00,35.30,29.00,5.54,0.00,0.69,14.60,1010.60,1.00,0.00,39.00,707.00,4.05,13.20
2026-07-18T18:00:00,34.70,30.00,5.19,0.00,0.56,14.60,1010.50,6.00,0.00,40.00,537.00,3.88,12.80
2026-07-18T19:00:00,34.00,33.00,3.33,0.00,0.36,15.50,1010.80,4.00,0.00,49.00,344.00,3.57,11.90
2026-07-18T20:00:00,31.00,40.00,3.20,0.00,0.21,15.90,1011.30,0.00,0.00,160.00,157.00,2.70,9.70
2026-07-18T21:00:00,28.50,48.00,1.90,0.00,0.07,16.40,1012.00,0.00,0.00,183.00,24.00,2.02,7.90
2026-07-18T22:00:00,27.40,50.00,1.84,0.00,0.05,16.00,1012.30,0.00,0.00,193.00,0.00,1.82,7.40
2026-07-18T23:00:00,26.50,52.00,1.79,0.00,0.04,15.80,1012.60,0.00,0.00,207.00,0.00,1.66,6.90
2026-07-19T00:00:00,25.60,56.00,1.20,0.00,0.02,16.20,1012.70,0.00,0.00,222.00,0.00,1.44,6.20
2026-07-19T01:00:00,24.90,60.00,0.94,0.00,0.01,16.60,1012.50,2.00,0.00,238.00,0.00,1.26,5.50
2026-07-19T02:00:00,24.40,61.00,0.92,0.00,0.01,16.40,1012.30,12.00,0.00,257.00,0.00,1.19,5.30
2026-07-19T03:00:00,23.70,64.00,1.03,0.00,0.01,16.50,1012.30,17.00,0.00,299.00,0.00,1.06,4.80
2026-07-19T04:00:00,23.60,67.00,1.30,0.00,0.01,17.10,1012.30,36.00,0.00,302.00,0.00,0.96,4.40
2026-07-19T05:00:00,23.50,69.00,1.22,0.00,0.01,17.50,1012.00,33.00,0.00,305.00,0.00,0.90,4.10
2026-07-19T06:00:00,23.30,71.00,1.35,0.00,0.01,17.70,1012.30,23.00,0.00,312.00,0.00,0.83,3.80
2026-07-19T07:00:00,23.30,71.00,1.50,0.00,0.02,17.80,1012.20,16.00,0.00,307.00,13.00,0.83,3.80
2026-07-19T08:00:00,25.10,69.00,1.14,0.00,0.09,19.00,1012.80,8.00,0.00,308.00,123.00,0.99,4.20
2026-07-19T09:00:00,28.40,50.00,0.92,0.00,0.22,17.00,1012.50,2.00,0.00,41.00,303.00,1.94,7.50
2026-07-19T10:00:00,30.30,45.00,1.39,0.00,0.37,17.00,1012.50,3.00,0.00,60.00,493.00,2.37,8.70
2026-07-19T11:00:00,32.10,37.00,2.25,0.00,0.54,15.60,1012.40,0.00,0.00,58.00,673.00,3.01,10.60
2026-07-19T12:00:00,33.50,34.00,2.68,0.00,0.67,15.50,1012.50,0.00,0.00,63.00,816.00,3.41,11.60
2026-07-19T13:00:00,34.90,33.00,2.79,0.00,0.75,16.30,1012.50,0.00,0.00,69.00,904.00,3.75,12.10
2026-07-19T14:00:00,35.90,33.00,2.83,0.00,0.79,17.10,1012.10,11.00,0.00,82.00,935.00,3.95,12.30
2026-07-19T15:00:00,36.40,32.00,2.84,0.00,0.75,17.10,1011.80,20.00,0.00,100.00,877.00,4.13,12.70
2026-07-19T16:00:00,36.00,33.00,3.74,0.00,0.72,17.20,1011.30,12.00,0.00,146.00,816.00,3.97,12.30
2026-07-19T17:00:00,34.40,34.00,3.93,0.00,0.60,16.30,1011.80,50.00,0.00,165.00,656.00,3.59,11.70
2026-07-19T18:00:00,33.30,33.00,4.37,0.00,0.45,14.80,1011.60,54.00,0.00,169.00,412.00,3.42,11.70
2026-07-19T19:00:00,32.30,33.00,4.20,0.00,0.34,14.00,1011.90,54.00,0.00,179.00,262.00,3.24,11.50
2026-07-19T20:00:00,31.20,33.00,3.10,0.00,0.21,13.10,1012.10,50.00,0.00,180.00,124.00,3.05,11.20
2026-07-19T21:00:00,29.80,36.00,2.10,0.00,0.10,13.10,1012.50,26.00,0.00,177.00,21.00,2.68,10.30
2026-07-19T22:00:00,28.60,38.00,1.94,0.00,0.07,12.90,1013.10,40.00,0.00,192.00,0.00,2.42,9.70
2026-07-19T23:00:00,27.70,40.00,1.84,0.00,0.06,12.90,1013.40,1.00,0.00,209.00,0.00,2.23,9.10
2026-07-20T00:00:00,26.60,44.00,1.42,0.00,0.04,13.40,1013.70,0.00,0.00,219.00,0.00,1.95,8.20
2026-07-20T01:00:00,25.80,52.00,1.00,0.00,0.02,15.20,1013.70,39.00,0.00,233.00,0.00,1.59,6.80
2026-07-20T02:00:00,25.30,54.00,0.70,0.00,0.01,15.40,1013.80,1.00,0.00,270.00,0.00,1.49,6.40
2026-07-20T03:00:00,24.60,58.00,1.08,0.00,0.01,15.80,1013.90,0.00,0.00,304.00,0.00,1.30,5.80
2026-07-20T04:00:00,24.10,61.00,1.30,0.00,0.02,16.10,1014.00,0.00,0.00,302.00,0.00,1.17,5.20
2026-07-20T05:00:00,23.90,61.00,1.30,0.00,0.02,16.00,1014.10,0.00,0.00,302.00,0.00,1.16,5.20
2026-07-20T06:00:00,23.60,61.00,1.39,0.00,0.02,15.60,1014.10,0.00,0.00,300.00,0.00,1.13,5.20
2026-07-20T07:00:00,23.70,62.00,1.28,0.00,0.02,16.00,1014.40,0.00,0.00,309.00,13.00,1.11,5.10
2026-07-20T08:00:00,25.60,63.00,0.94,0.00,0.09,18.10,1014.40,0.00,0.00,328.00,125.00,1.22,5.10
2026-07-20T09:00:00,29.40,46.00,1.08,0.00,0.23,16.60,1014.40,0.00,0.00,56.00,304.00,2.21,8.30
2026-07-20T10:00:00,31.10,46.00,1.39,0.00,0.38,18.10,1014.40,0.00,0.00,60.00,497.00,2.44,8.60
2026-07-20T11:00:00,33.30,41.00,2.20,0.00,0.55,18.30,1014.30,0.00,0.00,60.00,674.00,3.01,10.00
2026-07-20T12:00:00,35.10,34.00,3.36,0.00,0.70,16.90,1014.20,0.00,0.00,53.00,816.00,3.74,11.90
2026-07-20T13:00:00,36.40,29.00,4.05,0.00,0.81,15.50,1014.10,0.00,0.00,50.00,911.00,4.32,13.40
2026-07-20T14:00:00,37.40,25.00,4.46,0.00,0.87,14.10,1013.90,0.00,0.00,42.00,952.00,4.81,14.90
2026-07-20T15:00:00,38.00,21.00,4.52,0.00,0.87,11.90,1013.40,0.00,0.00,35.00,929.00,5.24,16.30
2026-07-20T16:00:00,38.50,20.00,4.11,0.00,0.80,11.60,1012.80,0.00,0.00,41.00,849.00,5.45,16.80
2026-07-20T17:00:00,38.20,22.00,2.92,0.00,0.65,12.80,1012.60,0.00,0.00,52.00,711.00,5.22,16.10
2026-07-20T18:00:00,37.40,25.00,1.70,0.00,0.46,14.00,1012.50,0.00,0.00,118.00,535.00,4.80,14.90
2026-07-20T19:00:00,34.70,32.00,3.05,0.00,0.36,15.60,1013.20,0.00,0.00,148.00,341.00,3.75,12.30
2026-07-20T20:00:00,32.50,38.00,2.50,0.00,0.19,16.30,1013.40,0.00,0.00,178.00,152.00,3.03,10.50
2026-07-20T21:00:00,30.70,43.00,2.01,0.00,0.08,16.70,1013.70,0.00,0.00,186.00,22.00,2.52,9.10
2026-07-20T22:00:00,29.40,45.00,1.92,0.00,0.06,16.20,1014.20,0.00,0.00,189.00,0.00,2.25,8.50
2026-07-20T23:00:00,28.40,47.00,1.80,0.00,0.05,16.00,1014.40,0.00,0.00,214.00,0.00,2.05,8.00
2026-07-21T00:00:00,27.30,53.00,1.35,0.00,0.03,16.90,1014.70,0.00,0.00,228.00,0.00,1.70,6.90
2026-07-21T01:00:00,26.40,53.00,1.21,0.00,0.02,16.10,1014.50,0.00,0.00,246.00,0.00,1.62,6.70
2026-07-21T02:00:00,26.00,52.00,1.20,0.00,0.02,15.40,1014.80,0.00,0.00,270.00,0.00,1.61,6.80
2026-07-21T03:00:00,25.30,49.00,1.44,0.00,0.03,13.80,1014.30,0.00,0.00,304.00,0.00,1.65,7.20
2026-07-21T04:00:00,24.80,46.00,1.63,0.00,0.04,12.40,1014.50,0.00,0.00,313.00,0.00,1.69,7.60
2026-07-21T05:00:00,24.40,45.00,1.56,0.00,0.04,11.70,1014.30,0.00,0.00,310.00,0.00,1.68,7.70
2026-07-21T06:00:00,23.90,46.00,1.75,0.00,0.05,11.60,1014.80,0.00,0.00,301.00,0.00,1.60,7.50
2026-07-21T07:00:00,23.90,47.00,1.58,0.00,0.05,11.90,1014.70,0.00,0.00,305.00,12.00,1.57,7.30
2026-07-21T08:00:00,25.90,51.00,1.13,0.00,0.10,15.00,1015.10,0.00,0.00,315.00,125.00,1.64,7.00
2026-07-21T09:00:00,29.90,41.00,0.94,0.00,0.22,15.30,1014.90,0.00,0.00,32.00,305.00,2.49,9.30
2026-07-21T10:00:00,32.00,37.00,1.50,0.00,0.39,15.50,1015.00,0.00,0.00,53.00,497.00,3.00,10.50
2026-07-21T11:00:00,34.00,33.00,2.28,0.00,0.56,15.50,1014.50,0.00,0.00,52.00,674.00,3.57,11.90
2026-07-21T12:00:00,35.80,31.00,2.52,0.00,0.69,16.00,1014.20,0.00,0.00,56.00,816.00,4.05,12.80
2026-07-21T13:00:00,37.20,29.00,3.20,0.00,0.79,16.20,1013.80,0.00,0.00,51.00,910.00,4.50,13.70
2026-07-21T14:00:00,38.40,24.00,4.24,0.00,0.87,14.30,1013.70,1.00,0.00,47.00,946.00,5.15,15.40
2026-07-21T15:00:00,38.40,24.00,4.28,0.00,0.86,14.30,1013.10,6.00,0.00,53.00,921.00,5.14,15.50
2026-07-21T16:00:00,38.60,22.00,3.14,0.00,0.76,13.10,1013.00,2.00,0.00,68.00,833.00,5.34,16.10
2026-07-21T17:00:00,37.50,25.00,2.48,0.00,0.62,14.20,1012.70,10.00,0.00,137.00,698.00,4.84,14.90
2026-07-21T18:00:00,34.70,36.00,3.42,0.00,0.49,17.40,1013.30,4.00,0.00,165.00,519.00,3.53,11.30
2026-07-21T19:00:00,33.60,33.00,3.20,0.00,0.35,15.10,1013.20,6.00,0.00,180.00,333.00,3.49,11.80
2026-07-21T20:00:00,32.30,39.00,2.92,0.00,0.20,16.60,1013.50,0.00,0.00,186.00,149.00,2.94,10.20
2026-07-21T21:00:00,30.40,42.00,2.50,0.00,0.10,16.10,1013.70,0.00,0.00,182.00,22.00,2.52,9.20
2026-07-21T22:00:00,29.10,43.00,2.04,0.00,0.07,15.30,1013.90,0.00,0.00,191.00,0.00,2.30,8.80
2026-07-21T23:00:00,27.90,50.00,1.86,0.00,0.05,16.50,1014.10,0.00,0.00,216.00,0.00,1.88,7.40
2026-07-22T00:00:00,26.50,50.00,1.03,0.00,0.02,15.20,1014.40,0.00,0.00,241.00,0.00,1.73,7.20
2026-07-22T01:00:00,25.70,45.00,0.70,0.00,0.01,12.90,1014.30,0.00,0.00,270.00,0.00,1.81,7.90
2026-07-22T02:00:00,25.20,46.00,0.95,0.00,0.02,12.80,1014.10,0.00,0.00,288.00,0.00,1.73,7.60
2026-07-22T03:00:00,24.40,53.00,1.17,0.00,0.02,14.20,1013.80,0.00,0.00,301.00,0.00,1.43,6.50
2026-07-22T04:00:00,24.00,55.00,1.22,0.00,0.02,14.40,1013.30,0.00,0.00,305.00,0.00,1.35,6.10
2026-07-22T05:00:00,23.80,55.00,1.12,0.00,0.02,14.20,1013.20,0.00,0.00,297.00,0.00,1.33,6.10
2026-07-22T06:00:00,23.40,57.00,1.22,0.00,0.02,14.40,1013.50,0.00,0.00,305.00,0.00,1.24,5.70
2026-07-22T07:00:00,23.50,57.00,1.17,0.00,0.02,14.50,1013.30,0.00,0.00,301.00,12.00,1.25,5.70
2026-07-22T08:00:00,25.70,57.00,0.94,0.00,0.09,16.60,1013.20,0.00,0.00,302.00,122.00,1.42,6.00
2026-07-22T09:00:00,29.60,52.00,0.50,0.00,0.21,18.70,1012.60,0.00,0.00,90.00,302.00,1.99,7.30
2026-07-22T10:00:00,32.70,36.00,1.35,0.00,0.39,15.70,1012.30,0.00,0.00,132.00,494.00,3.17,10.90
2026-07-22T11:00:00,35.30,28.00,1.98,0.00,0.56,14.00,1011.60,0.00,0.00,135.00,672.00,4.11,13.50
2026-07-22T12:00:00,37.00,23.00,3.42,0.00,0.73,12.40,1011.00,0.00,0.00,128.00,815.00,4.82,15.40
2026-07-22T13:00:00,38.80,21.00,4.04,0.00,0.85,12.60,1010.10,0.00,0.00,138.00,906.00,5.47,16.50
2026-07-22T14:00:00,40.60,15.00,2.70,0.00,0.84,8.90,1009.50,0.00,0.00,180.00,940.00,6.46,19.50
2026-07-22T15:00:00,42.10,14.00,5.77,0.00,0.98,9.10,1008.30,4.00,0.00,244.00,921.00,7.08,20.50
2026-07-22T16:00:00,42.20,11.00,8.71,0.00,1.05,5.60,1008.10,0.00,0.00,267.00,839.00,7.36,21.90
2026-07-22T17:00:00,41.10,14.00,9.15,0.00,0.95,8.30,1008.00,0.00,0.00,264.00,715.00,6.72,20.10
2026-07-22T18:00:00,39.90,16.00,7.95,0.00,0.77,9.40,1007.30,0.00,0.00,264.00,545.00,6.17,18.80
2026-07-22T19:00:00,38.50,12.00,6.30,0.00,0.57,4.00,1007.20,0.00,0.00,271.00,350.00,5.98,20.00
2026-07-22T20:00:00,36.50,21.00,1.84,0.00,0.19,10.60,1007.50,0.00,0.00,299.00,157.00,4.82,15.90
2026-07-22T21:00:00,32.80,31.00,1.00,0.00,0.05,13.40,1007.90,0.00,0.00,6.00,22.00,3.43,12.10
2026-07-22T22:00:00,29.70,41.00,1.04,0.00,0.03,15.10,1008.80,0.00,0.00,343.00,0.00,2.46,9.30
2026-07-22T23:00:00,27.80,42.00,1.53,0.00,0.05,13.70,1009.30,0.00,0.00,302.00,0.00,2.17,8.80
2026-07-23T00:00:00,27.10,53.00,1.26,0.00,0.03,16.70,1009.90,0.00,0.00,288.00,0.00,1.68,6.80
2026-07-23T01:00:00,25.80,56.00,1.02,0.00,0.01,16.40,1009.80,0.00,0.00,349.00,0.00,1.46,6.20
2026-07-23T02:00:00,24.80,65.00,1.91,0.00,0.03,17.80,1010.70,14.00,0.00,47.00,0.00,1.10,4.70
2026-07-23T03:00:00,24.70,77.00,1.30,0.00,0.00,20.40,1010.70,37.00,0.00,4.00,0.00,0.71,3.10
2026-07-23T04:00:00,24.30,74.00,1.66,0.00,0.01,19.40,1010.80,44.00,0.00,327.00,0.00,0.79,3.40
2026-07-23T05:00:00,24.50,75.00,2.26,0.00,0.02,19.80,1010.70,50.00,0.00,347.00,0.00,0.77,3.40
2026-07-23T06:00:00,24.50,57.00,2.31,0.00,0.05,15.40,1010.80,36.00,0.00,355.00,0.00,1.32,5.90
2026-07-23T07:00:00,23.80,63.00,2.12,0.00,0.04,16.40,1011.30,13.00,0.00,352.00,12.00,1.09,4.90
2026-07-23T08:00:00,24.70,63.00,2.10,0.00,0.10,17.20,1012.00,16.00,0.00,3.00,120.00,1.15,5.00
2026-07-23T09:00:00,25.60,62.00,3.27,0.00,0.23,17.80,1012.10,29.00,0.00,23.00,286.00,1.25,5.20
2026-07-23T10:00:00,26.70,58.00,4.27,0.00,0.35,17.70,1012.10,35.00,0.00,33.00,461.00,1.47,6.00
2026-07-23T11:00:00,27.90,52.00,4.52,0.00,0.49,17.10,1011.90,22.00,0.00,35.00,645.00,1.80,7.10
2026-07-23T12:00:00,29.40,46.00,4.39,0.00,0.60,16.60,1011.70,50.00,0.00,41.00,774.00,2.21,8.30
2026-07-23T13:00:00,30.40,45.00,3.98,0.00,0.65,17.20,1011.40,23.00,0.00,39.00,829.00,2.39,8.60
2026-07-23T14:00:00,31.30,43.00,4.00,0.00,0.71,17.30,1011.10,31.00,0.00,32.00,899.00,2.61,9.20
2026-07-23T15:00:00,31.70,41.00,4.04,0.00,0.69,16.80,1009.90,49.00,0.00,42.00,860.00,2.75,9.70
2026-07-23T16:00:00,32.00,41.00,3.14,0.00,0.60,17.10,1009.40,71.00,0.00,68.00,732.00,2.81,9.70
2026-07-23T17:00:00,30.90,48.00,4.41,0.00,0.49,18.60,1009.30,80.00,0.00,147.00,563.00,2.32,8.20
2026-07-23T18:00:00,28.80,57.00,4.88,0.00,0.36,19.50,1009.90,58.00,0.00,165.00,420.00,1.70,6.30
2026-07-23T19:00:00,27.90,55.00,3.91,0.00,0.27,18.00,1009.60,33.00,0.00,167.00,298.00,1.69,6.60
2026-07-23T20:00:00,26.70,58.00,3.32,0.00,0.15,17.80,1009.80,33.00,0.00,164.00,140.00,1.47,6.00
2026-07-23T21:00:00,25.20,63.00,2.31,0.00,0.06,17.70,1010.00,20.00,0.00,175.00,20.00,1.19,5.10
2026-07-23T22:00:00,24.30,69.00,2.21,0.00,0.03,18.20,1010.60,15.00,0.00,185.00,0.00,0.94,4.20
2026-07-23T23:00:00,23.50,71.00,2.04,0.00,0.02,18.00,1010.80,8.00,0.00,191.00,0.00,0.84,3.80
2026-07-24T00:00:00,22.60,81.00,1.58,0.00,0.00,19.20,1011.10,26.00,0.00,198.00,0.00,0.52,2.40
2026-07-24T01:00:00,21.80,80.00,1.27,0.00,0.00,18.20,1010.90,25.00,0.00,225.00,0.00,0.52,2.60
2026-07-24T02:00:00,21.10,74.00,1.30,0.00,0.00,16.30,1011.10,18.00,0.00,247.00,0.00,0.65,3.30
2026-07-24T03:00:00,20.40,72.00,1.30,0.00,0.01,15.20,1010.80,21.00,0.00,270.00,0.00,0.67,3.50
2026-07-24T04:00:00,19.90,62.00,1.24,0.00,0.01,12.40,1010.60,14.00,0.00,284.00,0.00,0.89,4.70
2026-07-24T05:00:00,19.50,59.00,1.36,0.00,0.02,11.30,1010.00,7.00,0.00,287.00,0.00,0.93,5.00
2026-07-24T06:00:00,18.90,59.00,1.58,0.00,0.02,10.70,1010.20,22.00,0.00,288.00,0.00,0.89,5.00
2026-07-24T07:00:00,18.90,58.00,1.58,0.00,0.03,10.50,1009.70,14.00,0.00,288.00,11.00,0.92,5.10
2026-07-24T08:00:00,20.90,60.00,1.02,0.00,0.07,12.90,1010.00,26.00,0.00,281.00,118.00,0.99,5.10
2026-07-24T09:00:00,23.80,55.00,0.51,0.00,0.17,14.20,1009.50,99.00,0.00,281.00,276.00,1.33,6.10
2026-07-24T10:00:00,24.80,57.00,0.76,0.00,0.22,15.70,1009.20,100.00,0.00,157.00,315.00,1.34,5.90
2026-07-24T11:00:00,25.70,57.00,1.40,0.00,0.30,16.60,1008.60,100.00,0.00,176.00,404.00,1.42,6.00
2026-07-24T12:00:00,26.70,54.00,4.32,0.00,0.37,16.70,1007.80,100.00,0.00,167.00,435.00,1.61,6.60
2026-07-24T13:00:00,27.50,51.00,5.12,0.00,0.47,16.40,1007.40,100.00,0.00,168.00,576.00,1.80,7.20
2026-07-24T14:00:00,28.30,46.00,5.36,0.00,0.56,15.60,1007.00,100.00,0.00,166.00,699.00,2.07,8.20
2026-07-24T15:00:00,30.10,37.00,5.00,0.00,0.63,13.80,1004.70,48.00,0.00,180.00,744.00,2.68,10.20
2026-07-24T16:00:00,31.00,33.00,1.71,0.00,0.57,12.80,1004.00,51.00,0.00,201.00,738.00,3.01,11.20
2026-07-24T17:00:00,27.70,55.00,3.91,0.30,0.41,17.90,1004.40,89.00,0.00,32.00,512.00,1.67,6.50
2026-07-24T18:00:00,25.00,69.00,4.74,0.60,0.25,18.90,1004.10,100.00,0.00,28.00,315.00,0.98,4.20
2026-07-24T19:00:00,22.90,74.00,3.96,0.10,0.15,18.00,1004.30,54.00,0.00,47.00,167.00,0.73,3.40
2026-07-24T20:00:00,21.40,80.00,3.86,0.00,0.09,17.80,1005.10,78.00,0.00,31.00,99.00,0.51,2.50
2026-07-24T21:00:00,19.70,86.00,4.24,0.00,0.03,17.30,1005.70,81.00,0.00,43.00,14.00,0.32,1.70
2026-07-24T22:00:00,19.20,89.00,3.02,0.10,0.00,17.30,1006.60,90.00,0.00,34.00,0.00,0.24,1.40
2026-07-24T23:00:00,19.00,90.00,2.44,0.00,0.00,17.40,1007.20,84.00,0.00,35.00,0.00,0.22,1.20
2026-07-25T00:00:00,18.60,91.00,1.97,0.00,0.00,17.10,1008.20,62.00,0.00,30.00,0.00,0.19,1.10
2026-07-25T01:00:00,18.50,91.00,1.79,0.00,0.00,17.00,1008.20,42.00,0.00,27.00,0.00,0.19,1.10
2026-07-25T02:00:00,18.30,91.00,2.02,0.00,0.00,16.80,1008.40,45.00,0.00,33.00,0.00,0.19,1.10
2026-07-25T03:00:00,18.30,91.00,1.79,0.00,0.00,16.80,1008.10,47.00,0.00,27.00,0.00,0.19,1.10
2026-07-25T04:00:00,17.70,93.00,1.36,0.00,0.00,16.60,1008.40,32.00,0.00,17.00,0.00,0.14,0.80
2026-07-25T05:00:00,17.00,94.00,1.30,0.00,0.00,16.10,1008.30,24.00,0.00,4.00,0.00,0.12,0.70
2026-07-25T06:00:00,17.00,95.00,1.41,0.00,0.00,16.20,1009.10,26.00,0.00,8.00,0.00,0.10,0.60
2026-07-25T07:00:00,17.20,85.00,1.50,0.00,0.01,14.70,1009.70,26.00,0.00,360.00,10.00,0.30,1.70
2026-07-25T08:00:00,19.00,81.00,1.40,0.00,0.06,15.70,1010.30,49.00,0.00,4.00,109.00,0.42,2.30
2026-07-25T09:00:00,21.20,63.00,4.28,0.00,0.20,13.90,1010.30,44.00,0.00,11.00,257.00,0.93,4.70
2026-07-25T10:00:00,22.20,56.00,5.25,0.00,0.32,13.00,1010.70,28.00,0.00,8.00,445.00,1.18,5.70
2026-07-25T11:00:00,23.40,51.00,4.98,0.00,0.44,12.70,1011.00,24.00,0.00,10.00,647.00,1.41,6.60
2026-07-25T12:00:00,24.70,46.00,5.09,0.00,0.56,12.30,1011.20,12.00,0.00,20.00,807.00,1.68,7.60
2026-07-25T13:00:00,25.40,43.00,5.64,0.00,0.63,11.90,1011.50,8.00,0.00,25.00,910.00,1.85,8.20
2026-07-25T14:00:00,25.90,42.00,6.38,0.00,0.67,12.00,1011.40,9.00,0.00,32.00,948.00,1.94,8.40
2026-07-25T15:00:00,25.80,43.00,6.47,0.00,0.65,12.30,1011.40,24.00,0.00,39.00,919.00,1.90,8.20
2026-07-25T16:00:00,26.10,42.00,5.56,0.00,0.60,12.20,1011.30,29.00,0.00,38.00,818.00,1.96,8.50
2026-07-25T17:00:00,26.20,40.00,5.19,0.00,0.52,11.60,1011.40,41.00,0.00,40.00,666.00,2.04,8.80
2026-07-25T18:00:00,25.90,42.00,5.12,0.00,0.42,12.00,1012.10,33.00,0.00,39.00,514.00,1.94,8.40
2026-07-25T19:00:00,25.30,42.00,3.97,0.00,0.29,11.50,1012.30,11.00,0.00,41.00,332.00,1.87,8.30
2026-07-25T20:00:00,24.50,45.00,3.20,0.00,0.17,11.80,1012.90,2.00,0.00,39.00,151.00,1.69,7.70
2026-07-25T21:00:00,22.90,51.00,1.65,0.00,0.05,12.30,1013.40,0.00,0.00,14.00,20.00,1.37,6.50
2026-07-25T22:00:00,21.40,59.00,1.35,0.00,0.02,13.10,1014.20,0.00,0.00,318.00,0.00,1.05,5.20
2026-07-25T23:00:00,20.00,65.00,1.48,0.00,0.01,13.20,1014.50,13.00,0.00,298.00,0.00,0.82,4.40
2026-07-26T00:00:00,19.40,64.00,1.71,0.00,0.02,12.40,1015.10,28.00,0.00,291.00,0.00,0.81,4.40
2026-07-26T01:00:00,19.00,67.00,1.71,0.00,0.02,12.70,1015.50,0.00,0.00,291.00,0.00,0.72,4.00
2026-07-26T02:00:00,18.50,68.00,1.58,0.00,0.01,12.50,1015.60,0.00,0.00,288.00,0.00,0.68,3.80
2026-07-26T03:00:00,17.90,70.00,1.58,0.00,0.01,12.30,1015.60,0.00,0.00,288.00,0.00,0.61,3.60
2026-07-26T04:00:00,17.50,70.00,1.57,0.00,0.01,12.00,1015.80,0.00,0.00,297.00,0.00,0.60,3.50
2026-07-26T05:00:00,17.20,69.00,1.52,0.00,0.01,11.50,1015.60,0.00,0.00,293.00,0.00,0.61,3.60
2026-07-26T06:00:00,16.70,69.00,1.61,0.00,0.01,11.00,1016.40,0.00,0.00,300.00,0.00,0.59,3.60
2026-07-26T07:00:00,16.60,67.00,1.61,0.00,0.02,10.50,1016.40,0.00,0.00,300.00,9.00,0.63,3.80
2026-07-26T08:00:00,18.60,68.00,1.17,0.00,0.07,12.60,1017.00,0.00,0.00,301.00,118.00,0.69,3.80
2026-07-26T09:00:00,22.70,55.00,0.42,0.00,0.18,13.20,1016.70,0.00,0.00,315.00,300.00,1.24,6.00
2026-07-26T10:00:00,24.70,46.00,0.82,0.00,0.33,12.30,1016.60,0.00,0.00,76.00,496.00,1.68,7.60
2026-07-26T11:00:00,26.60,42.00,1.12,0.00,0.47,12.60,1016.30,0.00,0.00,80.00,676.00,2.02,8.60
2026-07-26T12:00:00,28.30,39.00,1.00,0.00,0.58,13.10,1016.10,0.00,0.00,84.00,819.00,2.35,9.40
2026-07-26T13:00:00,29.70,36.00,0.82,0.00,0.66,13.10,1016.00,6.00,0.00,76.00,911.00,2.67,10.30
2026-07-26T14:00:00,30.90,34.00,1.50,0.00,0.71,13.20,1015.60,7.00,0.00,90.00,944.00,2.95,10.90
2026-07-26T15:00:00,31.60,33.00,2.80,0.00,0.72,13.40,1015.50,0.00,0.00,88.00,914.00,3.11,11.40
2026-07-26T16:00:00,31.50,32.00,3.04,0.00,0.66,12.80,1014.90,0.00,0.00,73.00,829.00,3.15,11.50
2026-07-26T17:00:00,31.20,32.00,2.80,0.00,0.56,12.50,1014.70,1.00,0.00,88.00,694.00,3.09,11.50
2026-07-26T18:00:00,30.10,35.00,3.06,0.00,0.44,12.90,1014.70,12.00,0.00,142.00,520.00,2.77,10.60
2026-07-26T19:00:00,28.50,36.00,2.63,0.00,0.29,12.00,1014.90,1.00,0.00,171.00,327.00,2.49,10.10
2026-07-26T20:00:00,27.20,36.00,2.10,0.00,0.15,10.80,1015.40,8.00,0.00,183.00,142.00,2.31,9.80
2026-07-26T21:00:00,25.40,45.00,1.50,0.00,0.05,12.60,1015.80,4.00,0.00,176.00,18.00,1.79,7.80
2026-07-26T22:00:00,23.80,50.00,1.12,0.00,0.02,12.80,1016.20,0.00,0.00,207.00,0.00,1.48,6.80
2026-07-26T23:00:00,22.50,54.00,1.12,0.00,0.02,12.80,1016.30,0.00,0.00,243.00,0.00,1.26,6.10
2026-07-27T00:00:00,21.60,66.00,0.91,0.00,0.00,15.00,1016.70,0.00,0.00,276.00,0.00,0.88,4.40
2026-07-27T01:00:00,21.00,71.00,0.98,0.00,0.00,15.60,1016.60,0.00,0.00,294.00,0.00,0.72,3.60
2026-07-27T02:00:00,20.50,69.00,1.17,0.00,0.01,14.60,1016.40,0.00,0.00,301.00,0.00,0.75,3.90
2026-07-27T03:00:00,20.10,69.00,1.17,0.00,0.00,14.20,1016.10,0.00,0.00,301.00,0.00,0.73,3.90
2026-07-27T04:00:00,19.70,67.00,1.27,0.00,0.01,13.40,1015.90,0.00,0.00,315.00,0.00,0.76,4.00
2026-07-27T05:00:00,19.50,66.00,1.27,0.00,0.01,13.00,1015.50,0.00,0.00,315.00,0.00,0.77,4.20
2026-07-27T06:00:00,19.10,67.00,1.28,0.00,0.01,12.90,1015.60,0.00,0.00,309.00,0.00,0.73,4.00
2026-07-27T07:00:00,19.10,65.00,1.30,0.00,0.02,12.30,1015.70,0.00,0.00,302.00,9.00,0.77,4.30
2026-07-27T08:00:00,21.10,65.00,1.02,0.00,0.07,14.30,1015.80,0.00,0.00,281.00,108.00,0.88,4.40
2026-07-27T09:00:00,25.50,55.00,0.40,0.00,0.18,15.80,1015.50,0.00,0.00,180.00,283.00,1.47,6.30
2026-07-27T10:00:00,28.30,43.00,0.82,0.00,0.33,14.60,1015.50,0.00,0.00,104.00,474.00,2.20,8.70
2026-07-27T11:00:00,30.50,37.00,1.48,0.00,0.49,14.20,1015.40,0.00,0.00,62.00,653.00,2.75,10.20
2026-07-27T12:00:00,32.60,34.00,1.90,0.00,0.63,14.70,1015.20,0.00,0.00,72.00,795.00,3.24,11.40
2026-07-27T13:00:00,34.20,33.00,1.92,0.00,0.71,15.60,1015.00,0.00,0.00,81.00,889.00,3.60,11.90
2026-07-27T14:00:00,35.60,29.00,2.01,0.00,0.76,14.90,1014.70,0.00,0.00,96.00,924.00,4.13,13.20
2026-07-27T15:00:00,36.40,27.00,2.94,0.00,0.77,14.40,1013.60,0.00,0.00,125.00,899.00,4.44,14.00
2026-07-27T16:00:00,36.30,26.00,2.98,0.00,0.71,13.80,1013.20,0.00,0.00,140.00,815.00,4.47,14.30
2026-07-27T17:00:00,35.80,28.00,2.42,0.00,0.59,14.40,1012.90,0.00,0.00,128.00,683.00,4.22,13.60
2026-07-27T18:00:00,34.70,30.00,2.92,0.00,0.47,14.60,1013.20,0.00,0.00,112.00,515.00,3.86,12.80
2026-07-27T19:00:00,33.40,34.00,1.84,0.00,0.29,15.40,1012.90,0.00,0.00,135.00,323.00,3.39,11.50
2026-07-27T20:00:00,31.70,41.00,1.41,0.00,0.14,16.80,1013.30,0.00,0.00,172.00,140.00,2.75,9.70
2026-07-27T21:00:00,28.70,50.00,1.22,0.00,0.04,17.30,1013.90,0.00,0.00,189.00,17.00,1.97,7.50
2026-07-27T22:00:00,26.80,59.00,1.14,0.00,0.02,18.10,1014.60,0.00,0.00,255.00,0.00,1.45,5.80
2026-07-27T23:00:00,25.10,62.00,1.12,0.00,0.01,17.30,1015.00,0.00,0.00,297.00,0.00,1.21,5.20
